season,round,constructor_id,position,points,wins
1950,7,alfa,,0.0,6
1950,7,kurtis_kraft,,0.0,1
1950,7,ferrari,,0.0,0
1950,7,deidt,,0.0,0
1950,7,lago,,0.0,0
1950,7,maserati,,0.0,0
1950,7,simca,,0.0,0
1950,7,era,,0.0,0
1950,7,moore,,0.0,0
1950,7,lesovsky,,0.0,0
1950,7,alta,,0.0,0
1950,7,nichels,,0.0,0
1950,7,marchese,,0.0,0
1950,7,stevens,,0.0,0
1950,7,langley,,0.0,0
1950,7,ewing,,0.0,0
1950,7,rae,,0.0,0
1950,7,olson,,0.0,0
1950,7,wetteroth,,0.0,0
1950,7,cooper,,0.0,0
1950,7,snowberger,,0.0,0
1950,7,adams,,0.0,0
1950,7,milano,,0.0,0
1950,7,watson,,0.0,0
1951,8,alfa,,0.0,5
1951,8,ferrari,,0.0,3
1951,8,kurtis_kraft,,0.0,1
1951,8,lago,,0.0,0
1951,8,sherman,,0.0,0
1951,8,brm,,0.0,0
1951,8,schroeder,,0.0,0
1951,8,simca,,0.0,0
1951,8,moore,,0.0,0
1951,8,maserati,,0.0,0
1951,8,era,,0.0,0
1951,8,deidt,,0.0,0
1951,8,hwm,,0.0,0
1951,8,osca,,0.0,0
1951,8,kuzma,,0.0,0
1951,8,alta,,0.0,0
1951,8,pawl,,0.0,0
1951,8,hall,,0.0,0
1951,8,marchese,,0.0,0
1951,8,veritas,,0.0,0
1951,8,bromme,,0.0,0
1951,8,trevis,,0.0,0
1951,8,lesovsky,,0.0,0
1951,8,watson,,0.0,0
1952,8,ferrari,,0.0,7
1952,8,kuzma,,0.0,1
1952,8,kurtis_kraft,,0.0,0
1952,8,maserati,,0.0,0
1952,8,gordini,,0.0,0
1952,8,cooper,,0.0,0
1952,8,connaught,,0.0,0
1952,8,lesovsky,,0.0,0
1952,8,frazer_nash,,0.0,0
1952,8,hwm,,0.0,0
1952,8,simca,,0.0,0
1952,8,veritas,,0.0,0
1952,8,afm,,0.0,0
1952,8,alta,,0.0,0
1952,8,bmw,,0.0,0
1952,8,watson,,0.0,0
1952,8,stevens,,0.0,0
1952,8,sherman,,0.0,0
1952,8,trevis,,0.0,0
1952,8,era,,0.0,0
1952,8,butterworth,,0.0,0
1952,8,bromme,,0.0,0
1952,8,deidt,,0.0,0
1952,8,osca,,0.0,0
1952,8,cisitalia,,0.0,0
1953,9,ferrari,,0.0,7
1953,9,maserati,,0.0,1
1953,9,kurtis_kraft,,0.0,1
1953,9,gordini,,0.0,0
1953,9,cooper,,0.0,0
1953,9,connaught,,0.0,0
1953,9,hwm,,0.0,0
1953,9,stevens,,0.0,0
1953,9,kuzma,,0.0,0
1953,9,veritas,,0.0,0
1953,9,osca,,0.0,0
1953,9,bmw,,0.0,0
1953,9,afm,,0.0,0
1953,9,schroeder,,0.0,0
1953,9,simca,,0.0,0
1953,9,emw,,0.0,0
1953,9,turner,,0.0,0
1953,9,lesovsky,,0.0,0
1953,9,watson,,0.0,0
1953,9,bromme,,0.0,0
1953,9,del_roy,,0.0,0
1955,7,mercedes,,0.0,5
1955,7,ferrari,,0.0,1
1955,7,kurtis_kraft,,0.0,1
1955,7,lancia,,0.0,0
1955,7,maserati,,0.0,0
1955,7,kuzma,,0.0,0
1955,7,gordini,,0.0,0
1955,7,vanwall,,0.0,0
1955,7,trevis,,0.0,0
1955,7,epperly,,0.0,0
1955,7,cooper,,0.0,0
1955,7,connaught,,0.0,0
1955,7,phillips,,0.0,0
1955,7,schroeder,,0.0,0
1955,7,hwm,,0.0,0
1955,7,pawl,,0.0,0
1955,7,arzani-volpini,,0.0,0
1955,7,stevens,,0.0,0
1955,7,pankratz,,0.0,0
1956,8,ferrari,,0.0,6
1956,8,maserati,,0.0,2
1956,8,watson,,0.0,1
1956,8,kurtis_kraft,,0.0,0
1956,8,connaught,,0.0,0
1956,8,phillips,,0.0,0
1956,8,vanwall,,0.0,0
1956,8,gordini,,0.0,0
1956,8,kuzma,,0.0,0
1956,8,lesovsky,,0.0,0
1956,8,stevens,,0.0,0
1956,8,cooper,,0.0,0
1956,8,brm,,0.0,0
1956,8,bugatti,,0.0,0
1956,8,emeryson,,0.0,0
1957,8,maserati,,0.0,4
1957,8,vanwall,,0.0,4
1957,8,epperly,,0.0,1
1957,8,ferrari,,0.0,0
1957,8,kuzma,,0.0,0
1957,8,kurtis_kraft,,0.0,0
1957,8,connaught,,0.0,0
1957,8,cooper,,0.0,0
1957,8,phillips,,0.0,0
1957,8,lesovsky,,0.0,0
1957,8,porsche,,0.0,0
1957,8,brm,,0.0,0
1957,8,dunn,,0.0,0
1957,8,watson,,0.0,0
1958,11,vanwall,1.0,48.0,6
1958,11,ferrari,2.0,40.0,2
1958,11,cooper,3.0,31.0,2
1958,11,brm,4.0,18.0,0
1958,11,maserati,5.0,6.0,0
1958,11,team_lotus,6.0,3.0,0
1958,11,porsche,,0.0,0
1958,11,connaught,,0.0,0
1959,9,cooper-climax,1.0,40.0,5
1959,9,ferrari,2.0,32.0,2
1959,9,brm,3.0,18.0,1
1959,9,team_lotus,4.0,5.0,0
1959,9,aston_martin,,0.0,0
1959,9,cooper-maserati,,0.0,0
1959,9,kurtis_kraft,,0.0,0
1959,9,porsche,,0.0,0
1959,9,maserati,,0.0,0
1959,9,cooper-borgward,,0.0,0
1959,9,cooper-osca,,0.0,0
1959,9,tec-mec,,0.0,0
1959,9,connaught,,0.0,0
1959,9,jbw,,0.0,0
1959,9,vanwall,,0.0,0
1960,10,cooper-climax,1.0,48.0,6
1960,10,team_lotus,2.0,34.0,2
1960,10,ferrari,3.0,26.0,1
1960,10,brm,4.0,8.0,0
1960,10,cooper-maserati,5.0,3.0,0
1960,10,cooper-castellotti,6.0,3.0,0
1960,10,porsche,7.0,1.0,0
1960,10,behra-porsche,,0.0,0
1960,10,scarab,,0.0,0
1960,10,aston_martin,,0.0,0
1960,10,maserati,,0.0,0
1960,10,jbw,,0.0,0
1960,10,vanwall,,0.0,0
1961,8,ferrari,1.0,45.0,5
1961,8,lotus-climax,2.0,35.0,3
1961,8,porsche,3.0,22.0,0
1961,8,cooper-climax,4.0,14.0,0
1961,8,brm,5.0,7.0,0
1961,8,cooper-maserati,,0.0,0
1961,8,gilby,,0.0,0
1961,8,lotus-maserati,,0.0,0
1961,8,ferguson,,0.0,0
1961,8,de_tomaso-alfa_romeo,,0.0,0
1961,8,emeryson,,0.0,0
1961,8,de_tomaso-osca,,0.0,0
1961,8,jbw,,0.0,0
1961,8,mbm,,0.0,0
1962,9,brm,1.0,42.0,4
1962,9,lotus-climax,2.0,36.0,3
1962,9,cooper-climax,3.0,29.0,1
1962,9,lola,4.0,19.0,0
1962,9,porsche,5.0,18.0,1
1962,9,ferrari,6.0,18.0,0
1962,9,brabham,7.0,6.0,0
1962,9,lotus-brm,8.0,1.0,0
1962,9,emeryson,,0.0,0
1962,9,enb,,0.0,0
1962,9,cooper,,0.0,0
1962,9,lds,,0.0,0
1962,9,cooper-alfa_romeo,,0.0,0
1962,9,team_lotus,,0.0,0
1962,9,gilby,,0.0,0
1962,9,de_tomaso-alfa_romeo,,0.0,0
1962,9,lotus-borgward,,0.0,0
1963,10,lotus-climax,1.0,54.0,7
1963,10,brm,2.0,36.0,2
1963,10,brabham,3.0,28.0,0
1963,10,ferrari,4.0,26.0,1
1963,10,cooper-climax,5.0,25.0,0
1963,10,brp,6.0,6.0,0
1963,10,porsche,7.0,5.0,0
1963,10,lotus-brm,8.0,4.0,0
1963,10,lola,,0.0,0
1963,10,stebro,,0.0,0
1963,10,scirocco,,0.0,0
1963,10,ats,,0.0,0
1963,10,lds,,0.0,0
1963,10,cooper-maserati,,0.0,0
1963,10,lotus-ford,,0.0,0
1963,10,alfa,,0.0,0
1963,10,gilby,,0.0,0
1963,10,tomaso,,0.0,0
1963,10,team_lotus,,0.0,0
1963,10,lotus-maserati,,0.0,0
1964,10,ferrari,1.0,45.0,3
1964,10,brm,2.0,42.0,2
1964,10,lotus-climax,3.0,37.0,3
1964,10,brabham-climax,4.0,30.0,2
1964,10,cooper-climax,5.0,16.0,0
1964,10,brabham-brm,6.0,7.0,0
1964,10,brp,7.0,5.0,0
1964,10,lotus-brm,8.0,3.0,0
1964,10,honda,,0.0,0
1964,10,scirocco,,0.0,0
1964,10,derrington,,0.0,0
1964,10,porsche,,0.0,0
1964,10,brabham-ford,,0.0,0
1965,10,lotus-climax,1.0,54.0,6
1965,10,brm,2.0,45.0,3
1965,10,brabham-climax,3.0,27.0,0
1965,10,ferrari,4.0,26.0,0
1965,10,cooper-climax,5.0,14.0,0
1965,10,honda,6.0,11.0,1
1965,10,brabham-brm,7.0,5.0,0
1965,10,lotus-brm,8.0,2.0,0
1965,10,brabham-ford,,0.0,0
1965,10,alfa,,0.0,0
1965,10,lds-alfa_romeo,,0.0,0
1965,10,re,,0.0,0
1965,10,cooper-maserati,,0.0,0
1966,9,brabham-repco,1.0,42.0,4
1966,9,ferrari,2.0,31.0,2
1966,9,cooper-maserati,3.0,30.0,1
1966,9,brm,4.0,22.0,1
1966,9,lotus-brm,5.0,13.0,1
1966,9,lotus-climax,6.0,8.0,0
1966,9,eagle-climax,7.0,4.0,0
1966,9,honda,8.0,3.0,0
1966,9,mclaren-ford,9.0,2.0,0
1966,9,brabham-climax,10.0,1.0,0
1966,9,brabham-brm,11.0,1.0,0
1966,9,mclaren-seren,12.0,1.0,0
1966,9,cooper-ferrari,,0.0,0
1966,9,eagle-weslake,,0.0,0
1966,9,shannon,,0.0,0
1967,11,brabham-repco,1.0,67.0,4
1967,11,lotus-ford,2.0,44.0,4
1967,11,cooper-maserati,3.0,28.0,1
1967,11,honda,4.0,20.0,1
1967,11,ferrari,5.0,20.0,0
1967,11,brm,6.0,17.0,0
1967,11,eagle-weslake,7.0,13.0,1
1967,11,lotus-brm,8.0,6.0,0
1967,11,cooper-climax,9.0,6.0,0
1967,11,mclaren-brm,10.0,3.0,0
1967,11,brabham-climax,11.0,2.0,0
1967,11,mclaren-ford,,0.0,0
1967,11,brabham-ford,,0.0,0
1967,11,lola,,0.0,0
1967,11,lds-climax,,0.0,0
1967,11,lotus-climax,,0.0,0
1967,11,eagle-climax,,0.0,0
1967,11,matra,,0.0,0
1967,11,protos,,0.0,0
1967,11,cooper-ats,,0.0,0
1968,12,lotus-ford,1.0,62.0,5
1968,12,mclaren-ford,2.0,49.0,3
1968,12,matra-ford,3.0,45.0,3
1968,12,ferrari,4.0,32.0,1
1968,12,brm,5.0,28.0,0
1968,12,honda,6.0,14.0,0
1968,12,cooper-brm,7.0,14.0,0
1968,12,brabham-repco,8.0,10.0,0
1968,12,matra,9.0,8.0,0
1968,12,mclaren-brm,10.0,3.0,0
1968,12,cooper-maserati,,0.0,0
1968,12,eagle-weslake,,0.0,0
1968,12,lola,,0.0,0
1968,12,mclaren,,0.0,0
1968,12,brabham-climax,,0.0,0
1968,12,lds,,0.0,0
1968,12,cooper-climax,,0.0,0
1969,11,matra-ford,1.0,66.0,6
1969,11,brabham-ford,2.0,51.0,2
1969,11,lotus-ford,3.0,47.0,2
1969,11,mclaren-ford,4.0,38.0,1
1969,11,brm,5.0,7.0,0
1969,11,ferrari,6.0,7.0,0
1969,11,cooper-maserati,,0.0,0
1969,11,brabham-repco,,0.0,0
1969,11,brm-ford,,0.0,0
1969,11,eagle-climax,,0.0,0
1969,11,brabham-climax,,0.0,0
1970,13,team_lotus,1.0,59.0,6
1970,13,ferrari,2.0,55.0,4
1970,13,march,3.0,48.0,1
1970,13,brabham,4.0,35.0,1
1970,13,mclaren-ford,5.0,35.0,0
1970,13,brm,6.0,23.0,1
1970,13,matra,7.0,23.0,0
1970,13,surtees,8.0,3.0,0
1970,13,mclaren-alfa_romeo,,0.0,0
1970,13,tomaso,,0.0,0
1970,13,tyrrell,,0.0,0
1970,13,bellasi,,0.0,0
1971,11,tyrrell,1.0,73.0,7
1971,11,brm,2.0,36.0,2
1971,11,march-ford,3.0,34.0,0
1971,11,ferrari,4.0,33.0,2
1971,11,lotus-ford,5.0,21.0,0
1971,11,mclaren,6.0,10.0,0
1971,11,matra,7.0,9.0,0
1971,11,surtees,8.0,8.0,0
1971,11,brabham,9.0,5.0,0
1971,11,lotus-pw,,0.0,0
1971,11,march-alfa_romeo,,0.0,0
1971,11,bellasi,,0.0,0
1972,12,team_lotus,1.0,61.0,5
1972,12,tyrrell,2.0,51.0,4
1972,12,mclaren,3.0,49.0,1
1972,12,ferrari,4.0,33.0,1
1972,12,surtees,5.0,18.0,0
1972,12,march,6.0,15.0,0
1972,12,brm,7.0,14.0,1
1972,12,matra,8.0,12.0,0
1972,12,brabham,9.0,7.0,0
1972,12,tecno,,0.0,0
1972,12,connew,,0.0,0
1972,12,politoys,,0.0,0
1973,15,team_lotus,1.0,91.0,7
1973,15,tyrrell,2.0,80.0,5
1973,15,mclaren,3.0,58.0,3
1973,15,brabham,4.0,22.0,0
1973,15,march,5.0,14.0,0
1973,15,ferrari,6.0,12.0,0
1973,15,brm,7.0,12.0,0
1973,15,shadow,8.0,9.0,0
1973,15,surtees,9.0,7.0,0
1973,15,iso_marlboro,10.0,2.0,0
1973,15,tecno,11.0,1.0,0
1973,15,ensign,,0.0,0
1974,15,mclaren,1.0,72.0,4
1974,15,ferrari,2.0,65.0,3
1974,15,tyrrell,3.0,51.0,2
1974,15,team_lotus,4.0,42.0,3
1974,15,brabham,5.0,35.0,3
1974,15,hesketh,6.0,15.0,0
1974,15,brm,7.0,10.0,0
1974,15,shadow,8.0,7.0,0
1974,15,march,9.0,6.0,0
1974,15,iso_marlboro,10.0,4.0,0
1974,15,surtees,11.0,3.0,0
1974,15,lola,12.0,1.0,0
1974,15,parnelli,,0.0,0
1974,15,trojan,,0.0,0
1974,15,penske,,0.0,0
1974,15,token,,0.0,0
1974,15,ensign,,0.0,0
1974,15,amon,,0.0,0
1975,14,ferrari,1.0,72.5,6
1975,14,brabham,2.0,54.0,2
1975,14,mclaren,3.0,53.0,3
1975,14,hesketh,4.0,33.0,1
1975,14,tyrrell,5.0,25.0,1
1975,14,shadow-ford,6.0,9.5,0
1975,14,team_lotus,7.0,9.0,0
1975,14,march,8.0,7.5,1
1975,14,williams,9.0,6.0,0
1975,14,parnelli,10.0,5.0,0
1975,14,hill,11.0,3.0,0
1975,14,penske,12.0,2.0,0
1975,14,ensign,13.0,1.0,0
1975,14,surtees,,0.0,0
1975,14,brm,,0.0,0
1975,14,fittipaldi,,0.0,0
1975,14,lola,,0.0,0
1975,14,lyncar,,0.0,0
1975,14,shadow-matra,,0.0,0
1975,14,maki,,0.0,0
1976,16,ferrari,1.0,79.0,6
1976,16,mclaren,2.0,71.0,6
1976,16,tyrrell,3.0,67.0,1
1976,16,team_lotus,4.0,29.0,1
1976,16,penske,5.0,20.0,1
1976,16,ligier,6.0,20.0,0
1976,16,march,7.0,19.0,1
1976,16,shadow,8.0,10.0,0
1976,16,brabham-alfa_romeo,9.0,9.0,0
1976,16,surtees,10.0,7.0,0
1976,16,fittipaldi,11.0,3.0,0
1976,16,ensign,12.0,2.0,0
1976,16,parnelli,13.0,1.0,0
1976,16,hesketh,,0.0,0
1976,16,wolf,,0.0,0
1976,16,boro,,0.0,0
1976,16,williams,,0.0,0
1976,16,kojima,,0.0,0
1976,16,brabham-ford,,0.0,0
1976,16,brm,,0.0,0
1977,17,ferrari,1.0,84.0,4
1977,17,team_lotus,2.0,62.0,5
1977,17,mclaren,3.0,56.0,3
1977,17,wolf,4.0,55.0,3
1977,17,brabham,5.0,27.0,0
1977,17,tyrrell,6.0,27.0,0
1977,17,shadow,7.0,23.0,1
1977,17,ligier,8.0,18.0,1
1977,17,fittipaldi,9.0,11.0,0
1977,17,ensign,10.0,10.0,0
1977,17,surtees,11.0,6.0,0
1977,17,penske,12.0,1.0,0
1977,17,march,,0.0,0
1977,17,hesketh,,0.0,0
1977,17,kojima,,0.0,0
1977,17,lec,,0.0,0
1977,17,brm,,0.0,0
1977,17,boro,,0.0,0
1977,17,renault,,0.0,0
1978,16,team_lotus,1.0,86.0,8
1978,16,ferrari,2.0,58.0,5
1978,16,brabham,3.0,53.0,2
1978,16,tyrrell,4.0,38.0,1
1978,16,wolf,5.0,24.0,0
1978,16,ligier,6.0,19.0,0
1978,16,fittipaldi,7.0,17.0,0
1978,16,mclaren,8.0,15.0,0
1978,16,williams,9.0,11.0,0
1978,16,arrows,10.0,11.0,0
1978,16,shadow,11.0,6.0,0
1978,16,renault,12.0,3.0,0
1978,16,surtees,13.0,1.0,0
1978,16,ensign,14.0,1.0,0
1978,16,ats,,0.0,0
1978,16,martini,,0.0,0
1978,16,merzario,,0.0,0
1978,16,theodore,,0.0,0
1978,16,hesketh,,0.0,0
1979,15,ferrari,1.0,113.0,6
1979,15,williams,2.0,75.0,5
1979,15,ligier,3.0,61.0,3
1979,15,team_lotus,4.0,39.0,0
1979,15,tyrrell,5.0,28.0,0
1979,15,renault,6.0,26.0,1
1979,15,mclaren,7.0,15.0,0
1979,15,brabham-alfa_romeo,8.0,7.0,0
1979,15,arrows,9.0,5.0,0
1979,15,shadow,10.0,3.0,0
1979,15,ats,11.0,2.0,0
1979,15,fittipaldi,12.0,1.0,0
1979,15,brabham-ford,,0.0,0
1979,15,wolf,,0.0,0
1979,15,ensign,,0.0,0
1979,15,alfa,,0.0,0
1979,15,rebaque,,0.0,0
1979,15,merzario,,0.0,0
1979,15,kauhsen,,0.0,0
1980,14,williams,1.0,120.0,6
1980,14,ligier,2.0,66.0,2
1980,14,brabham,3.0,55.0,3
1980,14,renault,4.0,38.0,3
1980,14,team_lotus,5.0,14.0,0
1980,14,tyrrell,6.0,12.0,0
1980,14,arrows,7.0,11.0,0
1980,14,fittipaldi,8.0,11.0,0
1980,14,mclaren,9.0,11.0,0
1980,14,ferrari,10.0,8.0,0
1980,14,alfa,11.0,4.0,0
1980,14,ats,,0.0,0
1980,14,ensign,,0.0,0
1980,14,osella,,0.0,0
1980,14,shadow,,0.0,0
1981,15,williams,1.0,95.0,4
1981,15,brabham,2.0,61.0,3
1981,15,renault,3.0,54.0,3
1981,15,ligier,4.0,44.0,2
1981,15,ferrari,5.0,34.0,2
1981,15,mclaren,6.0,28.0,1
1981,15,team_lotus,7.0,22.0,0
1981,15,arrows,8.0,10.0,0
1981,15,alfa,9.0,10.0,0
1981,15,tyrrell,10.0,10.0,0
1981,15,ensign,11.0,5.0,0
1981,15,theodore,12.0,1.0,0
1981,15,ats,13.0,1.0,0
1981,15,march,,0.0,0
1981,15,fittipaldi,,0.0,0
1981,15,osella,,0.0,0
1981,15,toleman,,0.0,0
1982,16,ferrari,1.0,74.0,3
1982,16,mclaren,2.0,69.0,4
1982,16,renault,3.0,62.0,4
1982,16,williams,4.0,58.0,1
1982,16,brabham,5.0,41.0,2
1982,16,team_lotus,6.0,30.0,1
1982,16,tyrrell,7.0,25.0,1
1982,16,ligier,8.0,20.0,0
1982,16,alfa,9.0,7.0,0
1982,16,arrows,10.0,5.0,0
1982,16,ats,11.0,4.0,0
1982,16,osella,12.0,3.0,0
1982,16,fittipaldi,13.0,1.0,0
1982,16,march,,0.0,0
1982,16,ensign,,0.0,0
1982,16,toleman,,0.0,0
1982,16,theodore,,0.0,0
1983,15,ferrari,1.0,89.0,4
1983,15,renault,2.0,79.0,4
1983,15,brabham,3.0,72.0,4
1983,15,williams,4.0,38.0,1
1983,15,mclaren,5.0,34.0,1
1983,15,alfa,6.0,18.0,0
1983,15,tyrrell,7.0,12.0,1
1983,15,team_lotus,8.0,12.0,0
1983,15,toleman,9.0,10.0,0
1983,15,arrows,10.0,4.0,0
1983,15,theodore,11.0,1.0,0
1983,15,ligier,,0.0,0
1983,15,spirit,,0.0,0
1983,15,ats,,0.0,0
1983,15,osella,,0.0,0
1983,15,ram,,0.0,0
1984,16,mclaren,1.0,143.5,12
1984,16,ferrari,2.0,57.5,1
1984,16,team_lotus,3.0,47.0,0
1984,16,brabham,4.0,38.0,2
1984,16,renault,5.0,34.0,0
1984,16,williams,6.0,25.5,1
1984,16,toleman,7.0,16.0,0
1984,16,alfa,8.0,11.0,0
1984,16,arrows,9.0,6.0,0
1984,16,ligier,10.0,3.0,0
1984,16,osella,11.0,2.0,0
1984,16,ats,,0.0,0
1984,16,spirit,,0.0,0
1984,16,ram,,0.0,0
1984,16,tyrrell,,0.0,0
1985,16,mclaren,1.0,90.0,6
1985,16,ferrari,2.0,82.0,2
1985,16,williams,3.0,71.0,4
1985,16,team_lotus,4.0,71.0,3
1985,16,brabham,5.0,26.0,1
1985,16,ligier,6.0,23.0,0
1985,16,renault,7.0,16.0,0
1985,16,arrows,8.0,14.0,0
1985,16,tyrrell,9.0,7.0,0
1985,16,osella,,0.0,0
1985,16,minardi,,0.0,0
1985,16,alfa,,0.0,0
1985,16,ram,,0.0,0
1985,16,zakspeed,,0.0,0
1985,16,toleman,,0.0,0
1985,16,spirit,,0.0,0
1985,16,lola,,0.0,0
1986,16,williams,1.0,141.0,9
1986,16,mclaren,2.0,96.0,4
1986,16,team_lotus,3.0,58.0,2
1986,16,ferrari,4.0,37.0,0
1986,16,ligier,5.0,29.0,0
1986,16,benetton,6.0,19.0,1
1986,16,tyrrell,7.0,11.0,0
1986,16,lola,8.0,6.0,0
1986,16,brabham,9.0,2.0,0
1986,16,arrows,10.0,1.0,0
1986,16,zakspeed,,0.0,0
1986,16,minardi,,0.0,0
1986,16,osella,,0.0,0
1986,16,ags,,0.0,0
1987,16,williams,1.0,137.0,9
1987,16,mclaren,2.0,76.0,3
1987,16,team_lotus,3.0,64.0,2
1987,16,ferrari,4.0,53.0,2
1987,16,benetton,5.0,28.0,0
1987,16,tyrrell,6.0,11.0,0
1987,16,arrows,7.0,11.0,0
1987,16,brabham,8.0,10.0,0
1987,16,larrousse,9.0,3.0,0
1987,16,zakspeed,10.0,2.0,0
1987,16,ligier,11.0,1.0,0
1987,16,ags,12.0,1.0,0
1987,16,march,13.0,1.0,0
1987,16,minardi,,0.0,0
1987,16,osella,,0.0,0
1987,16,coloni,,0.0,0
1988,16,mclaren,1.0,199.0,15
1988,16,ferrari,2.0,65.0,1
1988,16,benetton,3.0,39.0,0
1988,16,team_lotus,4.0,23.0,0
1988,16,arrows,5.0,23.0,0
1988,16,march,6.0,22.0,0
1988,16,williams,7.0,20.0,0
1988,16,tyrrell,8.0,5.0,0
1988,16,rial,9.0,3.0,0
1988,16,minardi,10.0,1.0,0
1988,16,larrousse,,0.0,0
1988,16,dallara,,0.0,0
1988,16,ags,,0.0,0
1988,16,coloni,,0.0,0
1988,16,ligier,,0.0,0
1988,16,osella,,0.0,0
1988,16,eurobrun,,0.0,0
1988,16,zakspeed,,0.0,0
1989,16,mclaren,1.0,141.0,10
1989,16,williams,2.0,77.0,2
1989,16,ferrari,3.0,59.0,3
1989,16,benetton,4.0,39.0,1
1989,16,tyrrell,5.0,16.0,0
1989,16,team_lotus,6.0,15.0,0
1989,16,arrows,7.0,13.0,0
1989,16,dallara,8.0,8.0,0
1989,16,brabham,9.0,8.0,0
1989,16,onyx,10.0,6.0,0
1989,16,minardi,11.0,6.0,0
1989,16,march,12.0,4.0,0
1989,16,rial,13.0,3.0,0
1989,16,ligier,14.0,3.0,0
1989,16,ags,15.0,1.0,0
1989,16,larrousse,16.0,1.0,0
1989,16,osella,,0.0,0
1989,16,coloni,,0.0,0
1989,16,zakspeed,,0.0,0
1989,16,eurobrun,,0.0,0
1990,16,mclaren,1.0,121.0,6
1990,16,ferrari,2.0,110.0,6
1990,16,benetton,3.0,71.0,2
1990,16,williams,4.0,57.0,2
1990,16,tyrrell,5.0,16.0,0
1990,16,larrousse,6.0,11.0,0
1990,16,leyton,7.0,7.0,0
1990,16,team_lotus,8.0,3.0,0
1990,16,arrows,9.0,2.0,0
1990,16,brabham,10.0,2.0,0
1990,16,ligier,,0.0,0
1990,16,minardi,,0.0,0
1990,16,onyx,,0.0,0
1990,16,ags,,0.0,0
1990,16,dallara,,0.0,0
1990,16,osella,,0.0,0
1990,16,eurobrun,,0.0,0
1990,16,coloni,,0.0,0
1990,16,life,,0.0,0
1991,16,mclaren,1.0,139.0,8
1991,16,williams,2.0,125.0,7
1991,16,ferrari,3.0,55.5,0
1991,16,benetton,4.0,38.5,1
1991,16,jordan,5.0,13.0,0
1991,16,tyrrell,6.0,12.0,0
1991,16,minardi,7.0,6.0,0
1991,16,dallara,8.0,5.0,0
1991,16,team_lotus,9.0,3.0,0
1991,16,brabham,10.0,3.0,0
1991,16,leyton,11.0,1.0,0
1991,16,lola,12.0,1.0,0
1991,16,larrousse,13.0,1.0,0
1991,16,ligier,,0.0,0
1991,16,lambo,,0.0,0
1991,16,ags,,0.0,0
1991,16,fondmetal,,0.0,0
1991,16,footwork,,0.0,0
1991,16,coloni,,0.0,0
1992,16,williams,1.0,164.0,10
1992,16,mclaren,2.0,99.0,5
1992,16,benetton,3.0,91.0,1
1992,16,ferrari,4.0,21.0,0
1992,16,team_lotus,5.0,13.0,0
1992,16,tyrrell,6.0,8.0,0
1992,16,footwork,7.0,6.0,0
1992,16,ligier,8.0,6.0,0
1992,16,march,9.0,3.0,0
1992,16,dallara,10.0,2.0,0
1992,16,jordan,11.0,1.0,0
1992,16,minardi,12.0,1.0,0
1992,16,larrousse,13.0,1.0,0
1992,16,fondmetal,,0.0,0
1992,16,brabham,,0.0,0
1992,16,moda,,0.0,0
1993,16,williams,1.0,168.0,10
1993,16,mclaren,2.0,84.0,5
1993,16,benetton,3.0,72.0,1
1993,16,ferrari,4.0,28.0,0
1993,16,ligier,5.0,23.0,0
1993,16,team_lotus,6.0,12.0,0
1993,16,sauber,7.0,12.0,0
1993,16,minardi,8.0,7.0,0
1993,16,footwork,9.0,4.0,0
1993,16,larrousse,10.0,3.0,0
1993,16,jordan,11.0,3.0,0
1993,16,lola,,0.0,0
1993,16,tyrrell,,0.0,0
1994,16,williams,1.0,118.0,7
1994,16,benetton,2.0,103.0,8
1994,16,ferrari,3.0,71.0,1
1994,16,mclaren,4.0,42.0,0
1994,16,jordan,5.0,28.0,0
1994,16,ligier,6.0,13.0,0
1994,16,tyrrell,7.0,13.0,0
1994,16,sauber,8.0,12.0,0
1994,16,footwork,9.0,9.0,0
1994,16,minardi,10.0,5.0,0
1994,16,larrousse,11.0,2.0,0
1994,16,team_lotus,,0.0,0
1994,16,simtek,,0.0,0
1994,16,pacific,,0.0,0
1995,17,benetton,1.0,147.0,11
1995,17,williams,2.0,118.0,5
1995,17,ferrari,3.0,73.0,1
1995,17,mclaren,4.0,30.0,0
1995,17,ligier,5.0,24.0,0
1995,17,jordan,6.0,21.0,0
1995,17,sauber,7.0,18.0,0
1995,17,footwork,8.0,5.0,0
1995,17,tyrrell,9.0,5.0,0
1995,17,minardi,10.0,1.0,0
1995,17,forti,,0.0,0
1995,17,pacific,,0.0,0
1995,17,simtek,,0.0,0
1996,16,williams,1.0,175.0,12
1996,16,ferrari,2.0,70.0,3
1996,16,benetton,3.0,68.0,0
1996,16,mclaren,4.0,49.0,0
1996,16,jordan,5.0,22.0,0
1996,16,ligier,6.0,15.0,1
1996,16,sauber,7.0,11.0,0
1996,16,tyrrell,8.0,5.0,0
1996,16,footwork,9.0,1.0,0
1996,16,minardi,,0.0,0
1996,16,forti,,0.0,0
1997,17,williams,1.0,123.0,8
1997,17,ferrari,2.0,102.0,5
1997,17,benetton,3.0,67.0,1
1997,17,mclaren,4.0,63.0,3
1997,17,jordan,5.0,33.0,0
1997,17,prost,6.0,21.0,0
1997,17,sauber,7.0,16.0,0
1997,17,arrows,8.0,9.0,0
1997,17,stewart,9.0,6.0,0
1997,17,tyrrell,10.0,2.0,0
1997,17,minardi,,0.0,0
1997,17,lola,,0.0,0
1998,16,mclaren,1.0,156.0,9
1998,16,ferrari,2.0,133.0,6
1998,16,williams,3.0,38.0,0
1998,16,jordan,4.0,34.0,1
1998,16,benetton,5.0,33.0,0
1998,16,sauber,6.0,10.0,0
1998,16,arrows,7.0,6.0,0
1998,16,stewart,8.0,5.0,0
1998,16,prost,9.0,1.0,0
1998,16,minardi,,0.0,0
1998,16,tyrrell,,0.0,0
1999,16,ferrari,1.0,128.0,6
1999,16,mclaren,2.0,124.0,7
1999,16,jordan,3.0,61.0,2
1999,16,stewart,4.0,36.0,1
1999,16,williams,5.0,35.0,0
1999,16,benetton,6.0,16.0,0
1999,16,prost,7.0,9.0,0
1999,16,sauber,8.0,5.0,0
1999,16,arrows,9.0,1.0,0
1999,16,minardi,10.0,1.0,0
1999,16,bar,,0.0,0
2000,17,ferrari,1.0,170.0,10
2000,17,mclaren,2.0,162.0,7
2000,17,williams,3.0,36.0,0
2000,17,benetton,4.0,20.0,0
2000,17,bar,5.0,20.0,0
2000,17,jordan,6.0,17.0,0
2000,17,arrows,7.0,7.0,0
2000,17,sauber,8.0,6.0,0
2000,17,jaguar,9.0,4.0,0
2000,17,minardi,,0.0,0
2000,17,prost,,0.0,0
2001,17,ferrari,1.0,179.0,9
2001,17,mclaren,2.0,102.0,4
2001,17,williams,3.0,80.0,4
2001,17,sauber,4.0,21.0,0
2001,17,jordan,5.0,19.0,0
2001,17,bar,6.0,17.0,0
2001,17,benetton,7.0,10.0,0
2001,17,jaguar,8.0,9.0,0
2001,17,prost,9.0,4.0,0
2001,17,arrows,10.0,1.0,0
2001,17,minardi,,0.0,0
2002,17,ferrari,1.0,221.0,15
2002,17,williams,2.0,92.0,1
2002,17,mclaren,3.0,65.0,1
2002,17,renault,4.0,23.0,0
2002,17,sauber,5.0,11.0,0
2002,17,jordan,6.0,9.0,0
2002,17,jaguar,7.0,8.0,0
2002,17,bar,8.0,7.0,0
2002,17,minardi,9.0,2.0,0
2002,17,toyota,10.0,2.0,0
2002,17,arrows,11.0,2.0,0
2003,16,ferrari,1.0,158.0,8
2003,16,williams,2.0,144.0,4
2003,16,mclaren,3.0,142.0,2
2003,16,renault,4.0,88.0,1
2003,16,bar,5.0,26.0,0
2003,16,sauber,6.0,19.0,0
2003,16,jaguar,7.0,18.0,0
2003,16,toyota,8.0,16.0,0
2003,16,jordan,9.0,13.0,1
2003,16,minardi,10.0,0.0,0
2004,18,ferrari,1.0,262.0,15
2004,18,bar,2.0,119.0,0
2004,18,renault,3.0,105.0,1
2004,18,williams,4.0,88.0,1
2004,18,mclaren,5.0,69.0,1
2004,18,sauber,6.0,34.0,0
2004,18,jaguar,7.0,10.0,0
2004,18,toyota,8.0,9.0,0
2004,18,jordan,9.0,5.0,0
2004,18,minardi,10.0,1.0,0
2005,19,renault,1.0,191.0,8
2005,19,mclaren,2.0,182.0,10
2005,19,ferrari,3.0,100.0,1
2005,19,toyota,4.0,88.0,0
2005,19,williams,5.0,66.0,0
2005,19,bar,6.0,38.0,0
2005,19,red_bull,7.0,34.0,0
2005,19,sauber,8.0,20.0,0
2005,19,jordan,9.0,12.0,0
2005,19,minardi,10.0,7.0,0
2006,18,renault,1.0,206.0,8
2006,18,ferrari,2.0,201.0,9
2006,18,mclaren,3.0,110.0,0
2006,18,honda,4.0,86.0,1
2006,18,bmw_sauber,5.0,36.0,0
2006,18,toyota,6.0,35.0,0
2006,18,red_bull,7.0,16.0,0
2006,18,williams,8.0,11.0,0
2006,18,toro_rosso,9.0,1.0,0
2006,18,mf1,10.0,0.0,0
2006,18,super_aguri,11.0,0.0,0
2006,18,spyker_mf1,12.0,0.0,0
2007,17,ferrari,1.0,204.0,9
2007,17,bmw_sauber,2.0,101.0,0
2007,17,renault,3.0,51.0,0
2007,17,williams,4.0,33.0,0
2007,17,red_bull,5.0,24.0,0
2007,17,toyota,6.0,13.0,0
2007,17,toro_rosso,7.0,8.0,0
2007,17,honda,8.0,6.0,0
2007,17,super_aguri,9.0,4.0,0
2007,17,spyker,10.0,1.0,0
2007,17,mclaren,,0.0,8
2008,18,ferrari,1.0,172.0,8
2008,18,mclaren,2.0,151.0,6
2008,18,bmw_sauber,3.0,135.0,1
2008,18,renault,4.0,80.0,2
2008,18,toyota,5.0,56.0,0
2008,18,toro_rosso,6.0,39.0,1
2008,18,red_bull,7.0,29.0,0
2008,18,williams,8.0,26.0,0
2008,18,honda,9.0,14.0,0
2008,18,force_india,10.0,0.0,0
2008,18,super_aguri,11.0,0.0,0
2009,17,brawn,1.0,172.0,8
2009,17,red_bull,2.0,153.5,6
2009,17,mclaren,3.0,71.0,2
2009,17,ferrari,4.0,70.0,1
2009,17,toyota,5.0,59.5,0
2009,17,bmw_sauber,6.0,36.0,0
2009,17,williams,7.0,34.5,0
2009,17,renault,8.0,26.0,0
2009,17,force_india,9.0,13.0,0
2009,17,toro_rosso,10.0,8.0,0
2010,19,red_bull,1.0,498.0,9
2010,19,mclaren,2.0,454.0,5
2010,19,ferrari,3.0,396.0,5
2010,19,mercedes,4.0,214.0,0
2010,19,renault,5.0,163.0,0
2010,19,williams,6.0,69.0,0
2010,19,force_india,7.0,68.0,0
2010,19,sauber,8.0,44.0,0
2010,19,toro_rosso,9.0,13.0,0
2010,19,lotus_racing,10.0,0.0,0
2010,19,hrt,11.0,0.0,0
2010,19,virgin,12.0,0.0,0
2011,19,red_bull,1.0,650.0,12
2011,19,mclaren,2.0,497.0,6
2011,19,ferrari,3.0,375.0,1
2011,19,mercedes,4.0,165.0,0
2011,19,renault,5.0,73.0,0
2011,19,force_india,6.0,69.0,0
2011,19,sauber,7.0,44.0,0
2011,19,toro_rosso,8.0,41.0,0
2011,19,williams,9.0,5.0,0
2011,19,lotus_racing,10.0,0.0,0
2011,19,hrt,11.0,0.0,0
2011,19,virgin,12.0,0.0,0
2012,20,red_bull,1.0,460.0,7
2012,20,ferrari,2.0,400.0,3
2012,20,mclaren,3.0,378.0,7
2012,20,lotus_f1,4.0,303.0,1
2012,20,mercedes,5.0,142.0,1
2012,20,sauber,6.0,126.0,0
2012,20,force_india,7.0,109.0,0
2012,20,williams,8.0,76.0,1
2012,20,toro_rosso,9.0,26.0,0
2012,20,caterham,10.0,0.0,0
2012,20,marussia,11.0,0.0,0
2012,20,hrt,12.0,0.0,0
2013,19,red_bull,1.0,596.0,13
2013,19,mercedes,2.0,360.0,3
2013,19,ferrari,3.0,354.0,2
2013,19,lotus_f1,4.0,315.0,1
2013,19,mclaren,5.0,122.0,0
2013,19,force_india,6.0,77.0,0
2013,19,sauber,7.0,57.0,0
2013,19,toro_rosso,8.0,33.0,0
2013,19,williams,9.0,5.0,0
2013,19,marussia,10.0,0.0,0
2013,19,caterham,11.0,0.0,0
2014,19,mercedes,1.0,701.0,16
2014,19,red_bull,2.0,405.0,3
2014,19,williams,3.0,320.0,0
2014,19,ferrari,4.0,216.0,0
2014,19,mclaren,5.0,181.0,0
2014,19,force_india,6.0,155.0,0
2014,19,toro_rosso,7.0,30.0,0
2014,19,lotus_f1,8.0,10.0,0
2014,19,marussia,9.0,2.0,0
2014,19,sauber,10.0,0.0,0
2014,19,caterham,11.0,0.0,0
2015,19,mercedes,1.0,703.0,16
2015,19,ferrari,2.0,428.0,3
2015,19,williams,3.0,257.0,0
2015,19,red_bull,4.0,187.0,0
2015,19,force_india,5.0,136.0,0
2015,19,lotus_f1,6.0,78.0,0
2015,19,toro_rosso,7.0,67.0,0
2015,19,sauber,8.0,36.0,0
2015,19,mclaren,9.0,27.0,0
2015,19,manor,10.0,0.0,0
2016,21,mercedes,1.0,765.0,19
2016,21,red_bull,2.0,468.0,2
2016,21,ferrari,3.0,398.0,0
2016,21,force_india,4.0,173.0,0
2016,21,williams,5.0,138.0,0
2016,21,mclaren,6.0,76.0,0
2016,21,toro_rosso,7.0,63.0,0
2016,21,haas,8.0,29.0,0
2016,21,renault,9.0,8.0,0
2016,21,sauber,10.0,2.0,0
2016,21,manor,11.0,1.0,0
2017,20,mercedes,1.0,668.0,12
2017,20,ferrari,2.0,522.0,5
2017,20,red_bull,3.0,368.0,3
2017,20,force_india,4.0,187.0,0
2017,20,williams,5.0,83.0,0
2017,20,renault,6.0,57.0,0
2017,20,toro_rosso,7.0,53.0,0
2017,20,haas,8.0,47.0,0
2017,20,mclaren,9.0,30.0,0
2017,20,sauber,10.0,5.0,0
2018,21,mercedes,1.0,655.0,11
2018,21,ferrari,2.0,571.0,6
2018,21,red_bull,3.0,419.0,4
2018,21,renault,4.0,122.0,0
2018,21,force_india,5.0,111.0,0
2018,21,haas,6.0,93.0,0
2018,21,mclaren,7.0,62.0,0
2018,21,sauber,8.0,48.0,0
2018,21,toro_rosso,9.0,33.0,0
2018,21,williams,10.0,7.0,0
2019,21,mercedes,1.0,739.0,15
2019,21,ferrari,2.0,504.0,3
2019,21,red_bull,3.0,417.0,3
2019,21,mclaren,4.0,145.0,0
2019,21,renault,5.0,91.0,0
2019,21,toro_rosso,6.0,85.0,0
2019,21,racing_point,7.0,73.0,0
2019,21,alfa,8.0,57.0,0
2019,21,haas,9.0,28.0,0
2019,21,williams,10.0,1.0,0
2020,17,mercedes,1.0,573.0,13
2020,17,red_bull,2.0,319.0,2
2020,17,mclaren,3.0,202.0,0
2020,17,racing_point,4.0,195.0,1
2020,17,renault,5.0,181.0,0
2020,17,ferrari,6.0,131.0,0
2020,17,alphatauri,7.0,107.0,1
2020,17,alfa,8.0,8.0,0
2020,17,haas,9.0,3.0,0
2020,17,williams,10.0,0.0,0
2021,22,mercedes,1.0,613.5,9
2021,22,red_bull,2.0,585.5,11
2021,22,ferrari,3.0,323.5,0
2021,22,mclaren,4.0,275.0,1
2021,22,alpine,5.0,155.0,1
2021,22,alphatauri,6.0,142.0,0
2021,22,aston_martin,7.0,77.0,0
2021,22,williams,8.0,23.0,0
2021,22,alfa,9.0,13.0,0
2021,22,haas,10.0,0.0,0
2022,22,red_bull,1.0,759.0,17
2022,22,ferrari,2.0,554.0,4
2022,22,mercedes,3.0,515.0,1
2022,22,alpine,4.0,173.0,0
2022,22,mclaren,5.0,159.0,0
2022,22,alfa,6.0,55.0,0
2022,22,aston_martin,7.0,55.0,0
2022,22,haas,8.0,37.0,0
2022,22,alphatauri,9.0,35.0,0
2022,22,williams,10.0,8.0,0
2023,22,red_bull,1.0,860.0,21
2023,22,mercedes,2.0,409.0,0
2023,22,ferrari,3.0,406.0,1
2023,22,mclaren,4.0,302.0,0
2023,22,aston_martin,5.0,280.0,0
2023,22,alpine,6.0,120.0,0
2023,22,williams,7.0,28.0,0
2023,22,alphatauri,8.0,25.0,0
2023,22,alfa,9.0,16.0,0
2023,22,haas,10.0,12.0,0
2024,24,mclaren,1.0,666.0,6
2024,24,ferrari,2.0,652.0,5
2024,24,red_bull,3.0,589.0,9
2024,24,mercedes,4.0,468.0,4
2024,24,aston_martin,5.0,94.0,0
2024,24,alpine,6.0,65.0,0
2024,24,haas,7.0,58.0,0
2024,24,rb,8.0,46.0,0
2024,24,williams,9.0,17.0,0
2024,24,sauber,10.0,4.0,0
2025,21,mclaren,1.0,756.0,14
2025,21,mercedes,2.0,398.0,2
2025,21,red_bull,3.0,366.0,5
2025,21,ferrari,4.0,362.0,0
2025,21,williams,5.0,111.0,0
2025,21,rb,6.0,82.0,0
2025,21,aston_martin,7.0,72.0,0
2025,21,haas,8.0,70.0,0
2025,21,sauber,9.0,62.0,0
2025,21,alpine,10.0,22.0,0
