season,round,driver_id,position,points,wins
1950,7,farina,1,30,3
1950,7,fangio,2,27,3
1950,7,fagioli,3,24,0
1950,7,rosier,4,13,0
1950,7,ascari,5,11,0
1950,7,parsons,6,9,1
1950,7,holland,7,6,0
1950,7,bira,8,5,0
1950,7,whitehead,9,4,0
1950,7,chiron,10,4,0
1950,7,reg_parnell,11,4,0
1950,7,rose,12,4,0
1950,7,serafini,13,3,0
1950,7,cabantous,14,3,0
1950,7,sommer,15,3,0
1950,7,manzon,16,3,0
1950,7,green,17,3,0
1950,7,etancelin,18,3,0
1950,7,bonetto,19,2,0
1950,7,chaboud,20,1,0
1950,7,bettenhausen,21,1,0
1950,7,chitwood,22,1,0
1950,7,graffenried,,0,0
1950,7,gerard,,0,0
1950,7,villoresi,,0,0
1950,7,wallard,,0,0
1950,7,pozzi,,0,0
1950,7,claes,,0,0
1950,7,levegh,,0,0
1950,7,harrison,,0,0
1950,7,faulkner,,0,0
1950,7,pagani,,0,0
1950,7,schell,,0,0
1950,7,george_connor,,0,0
1950,7,hampshire,,0,0
1950,7,crossley,,0,0
1950,7,paul_russo,,0,0
1950,7,branca,,0,0
1950,7,shawe_taylor,,0,0
1950,7,fry,,0,0
1950,7,flaherty,,0,0
1950,7,fohr,,0,0
1950,7,darter,,0,0
1950,7,hellings,,0,0
1950,7,mcgrath,,0,0
1950,7,ruttman,,0,0
1950,7,hartley,,0,0
1950,7,davies,,0,0
1950,7,mcdowell,,0,0
1950,7,walt_brown,,0,0
1950,7,webb,,0,0
1950,7,hoyt,,0,0
1950,7,ader,,0,0
1950,7,holmes,,0,0
1950,7,rathmann,,0,0
1950,7,murray,,0,0
1950,7,gonzalez,,0,0
1950,7,guy_mairesse,,0,0
1950,7,rol,,0,0
1950,7,kelly,,0,0
1950,7,taruffi,,0,0
1950,7,martin,,0,0
1950,7,trintignant,,0,0
1950,7,biondetti,,0,0
1950,7,louveau,,0,0
1950,7,peter_walker,,0,0
1950,7,rolt,,0,0
1950,7,comotti,,0,0
1950,7,leslie_johnson,,0,0
1950,7,pian,,0,0
1950,7,sanesi,,0,0
1950,7,banks,,0,0
1950,7,schindler,,0,0
1950,7,pietsch,,0,0
1950,7,levrett,,0,0
1950,7,cantrell,,0,0
1950,7,agabashian,,0,0
1950,7,jackson,,0,0
1950,7,hanks,,0,0
1950,7,dick_rathmann,,0,0
1950,7,dinsmore,,0,0
1951,8,fangio,1,31,3
1951,8,ascari,2,25,2
1951,8,gonzalez,3,24,1
1951,8,farina,4,19,1
1951,8,villoresi,5,15,0
1951,8,taruffi,6,10,0
1951,8,wallard,7,9,1
1951,8,bonetto,8,7,0
1951,8,nazaruk,9,6,0
1951,8,reg_parnell,10,5,0
1951,8,fagioli,11,4,1
1951,8,sanesi,12,3,0
1951,8,rosier,13,3,0
1951,8,linden,14,3,0
1951,8,mcgrath,15,2,0
1951,8,ayulo,16,2,0
1951,8,graffenried,17,2,0
1951,8,cabantous,18,2,0
1951,8,ball,19,2,0
1951,8,chiron,,0,0
1951,8,fischer,,0,0
1951,8,simon,,0,0
1951,8,banks,,0,0
1951,8,andre_pilette,,0,0
1951,8,manzon,,0,0
1951,8,claes,,0,0
1951,8,forberg,,0,0
1951,8,peter_walker,,0,0
1951,8,levegh,,0,0
1951,8,etancelin,,0,0
1951,8,moss,,0,0
1951,8,darter,,0,0
1951,8,chaboud,,0,0
1951,8,shawe_taylor,,0,0
1951,8,guy_mairesse,,0,0
1951,8,whitehead,,0,0
1951,8,rol,,0,0
1951,8,swaters,,0,0
1951,8,godia,,0,0
1951,8,gerard,,0,0
1951,8,duncan_hamilton,,0,0
1951,8,schell,,0,0
1951,8,bettenhausen,,0,0
1951,8,nalon,,0,0
1951,8,trintignant,,0,0
1951,8,force,,0,0
1951,8,hanks,,0,0
1951,8,schindler,,0,0
1951,8,rose,,0,0
1951,8,faulkner,,0,0
1951,8,gordini,,0,0
1951,8,kelly,,0,0
1951,8,louveau,,0,0
1951,8,davies,,0,0
1951,8,pietsch,,0,0
1951,8,grignard,,0,0
1951,8,abecassis,,0,0
1951,8,agabashian,,0,0
1951,8,parker,,0,0
1951,8,scarborough,,0,0
1951,8,murray,,0,0
1951,8,mackey,,0,0
1951,8,bira,,0,0
1951,8,stevenson,,0,0
1951,8,john_james,,0,0
1951,8,landi,,0,0
1951,8,jover,,0,0
1951,8,hirt,,0,0
1951,8,parsons,,0,0
1951,8,marimon,,0,0
1951,8,branca,,0,0
1951,8,green,,0,0
1951,8,richardson,,0,0
1951,8,ruttman,,0,0
1951,8,dinsmore,,0,0
1951,8,miller,,0,0
1951,8,walt_brown,,0,0
1951,8,ward,,0,0
1951,8,griffith,,0,0
1951,8,vukovich,,0,0
1951,8,george_connor,,0,0
1951,8,hellings,,0,0
1951,8,mcdowell,,0,0
1951,8,james,,0,0
1952,8,ascari,1,36,6
1952,8,farina,2,24,0
1952,8,taruffi,3,22,1
1952,8,fischer,4,10,0
1952,8,hawthorn,5,10,0
1952,8,manzon,6,9,0
1952,8,ruttman,7,8,1
1952,8,villoresi,8,8,0
1952,8,gonzalez,9,6.5,0
1952,8,rathmann,10,6,0
1952,8,behra,11,6,0
1952,8,hanks,12,4,0
1952,8,wharton,13,3,0
1952,8,poore,14,3,0
1952,8,darter,15,3,0
1952,8,alan_brown,16,2,0
1952,8,trintignant,17,2,0
1952,8,frere,18,2,0
1952,8,bonetto,19,2,0
1952,8,cross,20,2,0
1952,8,thompson,21,2,0
1952,8,vukovich,22,1,0
1952,8,laurent,,0,0
1952,8,graffenried,,0,0
1952,8,simon,,0,0
1952,8,collins,,0,0
1952,8,bryan,,0,0
1952,8,hirt,,0,0
1952,8,tornaco,,0,0
1952,8,duncan_hamilton,,0,0
1952,8,reece,,0,0
1952,8,reg_parnell,,0,0
1952,8,riess,,0,0
1952,8,macklin,,0,0
1952,8,brandon,,0,0
1952,8,landi,,0,0
1952,8,claes,,0,0
1952,8,ulmen,,0,0
1952,8,george_connor,,0,0
1952,8,etancelin,,0,0
1952,8,salvadori,,0,0
1952,8,downing,,0,0
1952,8,griffith,,0,0
1952,8,niedermayr,,0,0
1952,8,flinterman,,0,0
1952,8,bira,,0,0
1952,8,whitehead,,0,0
1952,8,rosier,,0,0
1952,8,parsons,,0,0
1952,8,cabantous,,0,0
1952,8,cantoni,,0,0
1952,8,mcgrath,,0,0
1952,8,klenk,,0,0
1952,8,rigsby,,0,0
1952,8,comotti,,0,0
1952,8,graham_whitehead,,0,0
1952,8,klodwig,,0,0
1952,8,james,,0,0
1952,8,legat,,0,0
1952,8,schindler,,0,0
1952,8,obrien,,0,0
1952,8,gaze,,0,0
1952,8,fonder,,0,0
1952,8,mcalpine,,0,0
1952,8,johnson,,0,0
1952,8,schell,,0,0
1952,8,bianco,,0,0
1952,8,stevenson,,0,0
1952,8,banks,,0,0
1952,8,ayulo,,0,0
1952,8,mcdowell,,0,0
1952,8,crook,,0,0
1952,8,moss,,0,0
1952,8,lof,,0,0
1952,8,heeks,,0,0
1952,8,charrington,,0,0
1952,8,brudes,,0,0
1952,8,abecassis,,0,0
1952,8,balsa,,0,0
1952,8,hans_stuck,,0,0
1952,8,bechem,,0,0
1952,8,carini,,0,0
1952,8,krause,,0,0
1952,8,rol,,0,0
1952,8,terra,,0,0
1952,8,schoeller,,0,0
1952,8,aston,,0,0
1952,8,webb,,0,0
1952,8,ward,,0,0
1952,8,bettenhausen,,0,0
1952,8,pietsch,,0,0
1952,8,bayol,,0,0
1952,8,nalon,,0,0
1952,8,sweikert,,0,0
1952,8,crespo,,0,0
1952,8,agabashian,,0,0
1952,8,helfrich,,0,0
1952,8,hartley,,0,0
1952,8,murray,,0,0
1952,8,peters,,0,0
1953,9,ascari,1,34.5,5
1953,9,fangio,2,28,1
1953,9,farina,3,26,1
1953,9,hawthorn,4,19,1
1953,9,villoresi,5,17,0
1953,9,gonzalez,6,13.5,0
1953,9,vukovich,7,9,1
1953,9,graffenried,8,7,0
1953,9,bonetto,9,6.5,0
1953,9,cross,10,6,0
1953,9,marimon,11,4,0
1953,9,trintignant,12,4,0
1953,9,darter,13,2,0
1953,9,hanks,14,2,0
1953,9,galvez,15,2,0
1953,9,mcgrath,16,2,0
1953,9,lang,17,2,0
1953,9,paul_russo,18,1.5,0
1953,9,agabashian,19,1.5,0
1953,9,moss,,0,0
1953,9,behra,,0,0
1953,9,mieres,,0,0
1953,9,daywalt,,0,0
1953,9,schell,,0,0
1953,9,rosier,,0,0
1953,9,wharton,,0,0
1953,9,bira,,0,0
1953,9,swaters,,0,0
1953,9,johnson,,0,0
1953,9,rathmann,,0,0
1953,9,musso,,0,0
1953,9,mantovani,,0,0
1953,9,collins,,0,0
1953,9,john_barber,,0,0
1953,9,mccoy,,0,0
1953,9,terra,,0,0
1953,9,maglioli,,0,0
1953,9,alan_brown,,0,0
1953,9,bettenhausen,,0,0
1953,9,hartley,,0,0
1953,9,stevenson,,0,0
1953,9,wacker,,0,0
1953,9,whitehead,,0,0
1953,9,herrmann,,0,0
1953,9,scherrer,,0,0
1953,9,chiron,,0,0
1953,9,frere,,0,0
1953,9,davies,,0,0
1953,9,nalon,,0,0
1953,9,andre_pilette,,0,0
1953,9,gerard,,0,0
1953,9,nuckey,,0,0
1953,9,claes,,0,0
1953,9,bob_scott,,0,0
1953,9,scarborough,,0,0
1953,9,helfrich,,0,0
1953,9,mcalpine,,0,0
1953,9,ayulo,,0,0
1953,9,cabantous,,0,0
1953,9,hans_stuck,,0,0
1953,9,bryan,,0,0
1953,9,krause,,0,0
1953,9,holland,,0,0
1953,9,klodwig,,0,0
1953,9,dinsmore,,0,0
1953,9,linden,,0,0
1953,9,ward,,0,0
1953,9,seidel,,0,0
1953,9,faulkner,,0,0
1953,9,mantz,,0,0
1953,9,landi,,0,0
1953,9,manzon,,0,0
1953,9,jimmy_stewart,,0,0
1953,9,rolt,,0,0
1953,9,macklin,,0,0
1953,9,menditeguy,,0,0
1953,9,birger,,0,0
1953,9,cruz,,0,0
1953,9,fairman,,0,0
1953,9,hirt,,0,0
1953,9,salvadori,,0,0
1953,9,teague,,0,0
1953,9,bayol,,0,0
1953,9,thomson,,0,0
1953,9,webb,,0,0
1953,9,holmes,,0,0
1953,9,georges_berger,,0,0
1953,9,sweikert,,0,0
1953,9,legat,,0,0
1953,9,barth,,0,0
1953,9,nazaruk,,0,0
1953,9,flaherty,,0,0
1953,9,ian_stewart,,0,0
1953,9,karch,,0,0
1953,9,hoyt,,0,0
1953,9,heeks,,0,0
1953,9,duncan_hamilton,,0,0
1953,9,carini,,0,0
1953,9,parsons,,0,0
1953,9,freeland,,0,0
1954,9,fangio,1,42,6
1954,9,gonzalez,2,25.14,1
1954,9,hawthorn,3,24.64,1
1954,9,trintignant,4,17,0
1954,9,kling,5,12,0
1954,9,vukovich,6,8,1
1954,9,herrmann,7,8,0
1954,9,farina,8,6,0
1954,9,musso,9,6,0
1954,9,bryan,10,6,0
1954,9,mieres,11,6,0
1954,9,mcgrath,12,5,0
1954,9,moss,13,4.14,0
1954,9,marimon,14,4.14,0
1954,9,manzon,15,4,0
1954,9,mantovani,16,4,0
1954,9,bira,17,3,0
1954,9,maglioli,18,2,0
1954,9,andre_pilette,19,2,0
1954,9,villoresi,20,2,0
1954,9,bayol,21,2,0
1954,9,nazaruk,22,2,0
1954,9,darter,23,1.5,0
1954,9,ruttman,24,1.5,0
1954,9,ascari,25,1.14,0
1954,9,behra,26,0.14,0
1954,9,schell,,0,0
1954,9,wharton,,0,0
1954,9,wacker,,0,0
1954,9,agabashian,,0,0
1954,9,taruffi,,0,0
1954,9,godia,,0,0
1954,9,rosier,,0,0
1954,9,collins,,0,0
1954,9,freeland,,0,0
1954,9,graffenried,,0,0
1954,9,swaters,,0,0
1954,9,paul_russo,,0,0
1954,9,hoyt,,0,0
1954,9,crockett,,0,0
1954,9,niday,,0,0
1954,9,gerard,,0,0
1954,9,daponte,,0,0
1954,9,parsons,,0,0
1954,9,davies,,0,0
1954,9,hanks,,0,0
1954,9,linden,,0,0
1954,9,cross,,0,0
1954,9,beauman,,0,0
1954,9,faulkner,,0,0
1954,9,stevenson,,0,0
1954,9,ayulo,,0,0
1954,9,marr,,0,0
1954,9,sweikert,,0,0
1954,9,thorne,,0,0
1954,9,bettenhausen,,0,0
1954,9,teague,,0,0
1954,9,jackson,,0,0
1954,9,gould,,0,0
1954,9,mccoy,,0,0
1954,9,reece,,0,0
1954,9,bob_scott,,0,0
1954,9,elisian,,0,0
1954,9,armi,,0,0
1954,9,fonder,,0,0
1954,9,hartley,,0,0
1954,9,frere,,0,0
1954,9,volonterio,,0,0
1954,9,lang,,0,0
1954,9,bucci,,0,0
1954,9,pollet,,0,0
1954,9,loyer,,0,0
1954,9,helfrich,,0,0
1954,9,salvadori,,0,0
1954,9,macklin,,0,0
1954,9,whitehouse,,0,0
1954,9,menditeguy,,0,0
1954,9,georges_berger,,0,0
1954,9,rathmann,,0,0
1954,9,flockhart,,0,0
1954,9,connor,,0,0
1954,9,johnson,,0,0
1954,9,ward,,0,0
1954,9,riseley_prichard,,0,0
1954,9,reg_parnell,,0,0
1954,9,daywalt,,0,0
1954,9,thomson,,0,0
1954,9,flaherty,,0,0
1954,9,whitehead,,0,0
1954,9,brandon,,0,0
1954,9,webb,,0,0
1954,9,kladis,,0,0
1954,9,duncan,,0,0
1954,9,alan_brown,,0,0
1954,9,nuckey,,0,0
1954,9,homeier,,0,0
1955,7,fangio,1,40,4
1955,7,moss,2,23,1
1955,7,castellotti,3,12,0
1955,7,trintignant,4,10,1
1955,7,farina,5,9,0
1955,7,taruffi,6,9,0
1955,7,sweikert,7,8,1
1955,7,mieres,8,7,0
1955,7,behra,9,6,0
1955,7,musso,10,6,0
1955,7,kling,11,5,0
1955,7,davies,12,4,0
1955,7,bettenhausen,13,3,0
1955,7,paul_russo,14,3,0
1955,7,frere,15,3,0
1955,7,thomson,16,3,0
1955,7,gonzalez,17,2,0
1955,7,perdisa,18,2,0
1955,7,menditeguy,19,2,0
1955,7,villoresi,20,2,0
1955,7,maglioli,21,1.33,0
1955,7,herrmann,22,1,0
1955,7,faulkner,23,1,0
1955,7,homeier,24,1,0
1955,7,vukovich,25,1,0
1955,7,hawthorn,,0,0
1955,7,schell,,0,0
1955,7,chiron,,0,0
1955,7,linden,,0,0
1955,7,pollet,,0,0
1955,7,mantovani,,0,0
1955,7,herman,,0,0
1955,7,sparken,,0,0
1955,7,ramos,,0,0
1955,7,macklin,,0,0
1955,7,connor,,0,0
1955,7,rosier,,0,0
1955,7,wharton,,0,0
1955,7,daywalt,,0,0
1955,7,fitch,,0,0
1955,7,flaherty,,0,0
1955,7,claes,,0,0
1955,7,darter,,0,0
1955,7,weyant,,0,0
1955,7,johnson,,0,0
1955,7,rathmann,,0,0
1955,7,bucci,,0,0
1955,7,iglesias,,0,0
1955,7,ascari,,0,0
1955,7,jack_brabham,,0,0
1955,7,gould,,0,0
1955,7,manzon,,0,0
1955,7,mcalpine,,0,0
1955,7,bayol,,0,0
1955,7,collins,,0,0
1955,7,uria,,0,0
1955,7,freeland,,0,0
1955,7,peter_walker,,0,0
1955,7,niday,,0,0
1955,7,salvadori,,0,0
1955,7,simon,,0,0
1955,7,cross,,0,0
1955,7,templeman,,0,0
1955,7,hanks,,0,0
1955,7,rolt,,0,0
1955,7,lucas,,0,0
1955,7,birger,,0,0
1955,7,andrews,,0,0
1955,7,marr,,0,0
1955,7,parsons,,0,0
1955,7,whiteaway,,0,0
1955,7,russo,,0,0
1955,7,ray_crawford,,0,0
1955,7,piotti,,0,0
1955,7,bryan,,0,0
1955,7,fairman,,0,0
1955,7,mcgrath,,0,0
1955,7,keller,,0,0
1955,7,ward,,0,0
1955,7,boyd,,0,0
1955,7,elisian,,0,0
1955,7,hoyt,,0,0
1955,7,agabashian,,0,0
1955,7,reece,,0,0
1956,8,fangio,1,30,3
1956,8,moss,2,27,2
1956,8,collins,3,25,2
1956,8,behra,4,22,0
1956,8,flaherty,5,8,1
1956,8,castellotti,6,7.5,0
1956,8,hanks,7,6,0
1956,8,frere,8,6,0
1956,8,godia,9,6,0
1956,8,fairman,10,5,0
1956,8,musso,11,4,1
1956,8,hawthorn,12,4,0
1956,8,flockhart,13,4,0
1956,8,freeland,14,4,0
1956,8,portago,15,3,0
1956,8,perdisa,16,3,0
1956,8,schell,17,3,0
1956,8,parsons,18,3,0
1956,8,rosier,19,2,0
1956,8,villoresi,20,2,0
1956,8,gould,21,2,0
1956,8,ramos,22,2,0
1956,8,gendebien,23,2,0
1956,8,dick_rathmann,24,2,0
1956,8,gerini,25,1.5,0
1956,8,landi,26,1.5,0
1956,8,paul_russo,27,1,0
1956,8,andre_pilette,,0,0
1956,8,piotti,,0,0
1956,8,oscar_gonzalez,,0,0
1956,8,uria,,0,0
1956,8,bayol,,0,0
1956,8,sweikert,,0,0
1956,8,veith,,0,0
1956,8,graffenried,,0,0
1956,8,ward,,0,0
1956,8,manzon,,0,0
1956,8,simon,,0,0
1956,8,reece,,0,0
1956,8,griffith,,0,0
1956,8,salvadori,,0,0
1956,8,hartley,,0,0
1956,8,gerard,,0,0
1956,8,agabashian,,0,0
1956,8,christie,,0,0
1956,8,keller,,0,0
1956,8,johnson,,0,0
1956,8,garrett,,0,0
1956,8,dinsmore,,0,0
1956,8,connor,,0,0
1956,8,bryan,,0,0
1956,8,halford,,0,0
1956,8,volonterio,,0,0
1956,8,milhoux,,0,0
1956,8,trintignant,,0,0
1956,8,menditeguy,,0,0
1956,8,gonzalez,,0,0
1956,8,maglioli,,0,0
1956,8,scotti,,0,0
1956,8,titterington,,0,0
1956,8,scarlatti,,0,0
1956,8,brooks,,0,0
1956,8,chiron,,0,0
1956,8,taruffi,,0,0
1956,8,rathmann,,0,0
1956,8,chapman,,0,0
1956,8,bonnier,,0,0
1956,8,tolan,,0,0
1956,8,bettenhausen,,0,0
1956,8,elisian,,0,0
1956,8,russo,,0,0
1956,8,leston,,0,0
1956,8,daywalt,,0,0
1956,8,scott_Brown,,0,0
1956,8,turner,,0,0
1956,8,emery,,0,0
1956,8,trips,,0,0
1956,8,andrews,,0,0
1956,8,jack_brabham,,0,0
1956,8,linden,,0,0
1956,8,herman,,0,0
1956,8,ray_crawford,,0,0
1956,8,boyd,,0,0
1956,8,ruttman,,0,0
1956,8,thomson,,0,0
1957,8,fangio,1,40,4
1957,8,moss,2,25,3
1957,8,musso,3,16,0
1957,8,hawthorn,4,13,0
1957,8,brooks,5,11,1
1957,8,gregory,6,10,0
1957,8,schell,7,10,0
1957,8,hanks,8,8,1
1957,8,collins,9,8,0
1957,8,rathmann,10,7,0
1957,8,behra,11,6,0
1957,8,lewis-evans,12,5,0
1957,8,trintignant,13,5,0
1957,8,trips,14,4,0
1957,8,menditeguy,15,4,0
1957,8,bryan,16,4,0
1957,8,paul_russo,17,3,0
1957,8,salvadori,18,2,0
1957,8,linden,19,2,0
1957,8,scarlatti,20,1,0
1957,8,gonzalez,21,1,0
1957,8,portago,22,1,0
1957,8,jack_brabham,,0,0
1957,8,perdisa,,0,0
1957,8,boyd,,0,0
1957,8,gerard,,0,0
1957,8,bonnier,,0,0
1957,8,teague,,0,0
1957,8,macdowel,,0,0
1957,8,bueb,,0,0
1957,8,connor,,0,0
1957,8,godia,,0,0
1957,8,tomaso,,0,0
1957,8,veith,,0,0
1957,8,gould,,0,0
1957,8,piotti,,0,0
1957,8,hartley,,0,0
1957,8,halford,,0,0
1957,8,simon,,0,0
1957,8,turner,,0,0
1957,8,volonterio,,0,0
1957,8,thomson,,0,0
1957,8,barth,,0,0
1957,8,christie,,0,0
1957,8,naylor,,0,0
1957,8,weyant,,0,0
1957,8,beaufort,,0,0
1957,8,bettenhausen,,0,0
1957,8,marsh,,0,0
1957,8,parsons,,0,0
1957,8,freeland,,0,0
1957,8,flockhart,,0,0
1957,8,castellotti,,0,0
1957,8,mackay-fraser,,0,0
1957,8,fairman,,0,0
1957,8,leston,,0,0
1957,8,herrmann,,0,0
1957,8,maglioli,,0,0
1957,8,reece,,0,0
1957,8,edmunds,,0,0
1957,8,tolan,,0,0
1957,8,herman,,0,0
1957,8,agabashian,,0,0
1957,8,england,,0,0
1957,8,sachs,,0,0
1957,8,gibson,,0,0
1957,8,magill,,0,0
1957,8,johnson,,0,0
1957,8,cheesbourg,,0,0
1957,8,keller,,0,0
1957,8,daywalt,,0,0
1957,8,elisian,,0,0
1957,8,ward,,0,0
1957,8,ruttman,,0,0
1957,8,russo,,0,0
1957,8,george,,0,0
1958,11,hawthorn,1,42,1
1958,11,moss,2,41,4
1958,11,brooks,3,24,3
1958,11,salvadori,4,15,0
1958,11,collins,5,14,1
1958,11,schell,6,14,0
1958,11,trintignant,7,12,1
1958,11,musso,8,12,0
1958,11,lewis-evans,9,11,0
1958,11,phil_hill,10,9,0
1958,11,trips,11,9,0
1958,11,behra,12,9,0
1958,11,bryan,13,8,1
1958,11,fangio,14,7,0
1958,11,george_amick,15,6,0
1958,11,boyd,16,4,0
1958,11,bettenhausen,17,4,0
1958,11,jack_brabham,18,3,0
1958,11,allison,19,3,0
1958,11,bonnier,20,3,0
1958,11,rathmann,21,2,0
1958,11,gregory,,0,0
1958,11,shelby,,0,0
1958,11,mclaren,,0,0
1958,11,hill,,0,0
1958,11,gendebien,,0,0
1958,11,reece,,0,0
1958,11,barth,,0,0
1958,11,burgess,,0,0
1958,11,menditeguy,,0,0
1958,11,freeland,,0,0
1958,11,godia,,0,0
1958,11,fairman,,0,0
1958,11,larson,,0,0
1958,11,marsh,,0,0
1958,11,gerini,,0,0
1958,11,herrmann,,0,0
1958,11,gould,,0,0
1958,11,johnson,,0,0
1958,11,filippis,,0,0
1958,11,ruttman,,0,0
1958,11,cheesbourg,,0,0
1958,11,bueb,,0,0
1958,11,beaufort,,0,0
1958,11,keller,,0,0
1958,11,parsons,,0,0
1958,11,tolan,,0,0
1958,11,la_caze,,0,0
1958,11,guelfi,,0,0
1958,11,cabianca,,0,0
1958,11,scarlatti,,0,0
1958,11,seidel,,0,0
1958,11,christie,,0,0
1958,11,dempsey_wilson,,0,0
1958,11,foyt,,0,0
1958,11,goethals,,0,0
1958,11,flockhart,,0,0
1958,11,magill,,0,0
1958,11,paul_russo,,0,0
1958,11,stacey,,0,0
1958,11,picard,,0,0
1958,11,templeman,,0,0
1958,11,bridger,,0,0
1958,11,ward,,0,0
1958,11,garrett,,0,0
1958,11,sachs,,0,0
1958,11,gibson,,0,0
1958,11,thomson,,0,0
1958,11,naylor,,0,0
1958,11,weyant,,0,0
1958,11,turner,,0,0
1958,11,veith,,0,0
1958,11,dick_rathmann,,0,0
1958,11,elisian,,0,0
1958,11,connor,,0,0
1958,11,goldsmith,,0,0
1958,11,jerry_unser,,0,0
1958,11,sutton,,0,0
1958,11,bisch,,0,0
1959,9,jack_brabham,1,31,2
1959,9,brooks,2,27,2
1959,9,moss,3,25.5,2
1959,9,phil_hill,4,20,0
1959,9,trintignant,5,19,0
1959,9,mclaren,6,16.5,1
1959,9,gurney,7,13,0
1959,9,bonnier,8,10,1
1959,9,gregory,9,10,0
1959,9,ward,10,8,1
1959,9,rathmann,11,6,0
1959,9,thomson,12,5,0
1959,9,schell,13,5,0
1959,9,ireland,14,5,0
1959,9,gendebien,15,3,0
1959,9,bettenhausen,16,3,0
1959,9,allison,17,2,0
1959,9,behra,18,2,0
1959,9,goldsmith,19,2,0
1959,9,salvadori,,0,0
1959,9,flockhart,,0,0
1959,9,burgess,,0,0
1959,9,trips,,0,0
1959,9,boyd,,0,0
1959,9,hill,,0,0
1959,9,darter,,0,0
1959,9,blanchard,,0,0
1959,9,shelby,,0,0
1959,9,scarlatti,,0,0
1959,9,stacey,,0,0
1959,9,johnson,,0,0
1959,9,beaufort,,0,0
1959,9,paul_russo,,0,0
1959,9,orey,,0,0
1959,9,foyt,,0,0
1959,9,bristow,,0,0
1959,9,cabral,,0,0
1959,9,davis,,0,0
1959,9,hartley,,0,0
1959,9,henry_taylor,,0,0
1959,9,veith,,0,0
1959,9,ashdown,,0,0
1959,9,bueb,,0,0
1959,9,herman,,0,0
1959,9,daywalt,,0,0
1959,9,arnold,,0,0
1959,9,cabianca,,0,0
1959,9,mcwithey,,0,0
1959,9,herrmann,,0,0
1959,9,tomaso,,0,0
1959,9,halford,,0,0
1959,9,constantine,,0,0
1959,9,fairman,,0,0
1959,9,sachs,,0,0
1959,9,keller,,0,0
1959,9,said,,0,0
1959,9,flaherty,,0,0
1959,9,cade,,0,0
1959,9,dick_rathmann,,0,0
1959,9,cheesbourg,,0,0
1959,9,piper,,0,0
1959,9,freeland,,0,0
1959,9,fontes,,0,0
1959,9,naylor,,0,0
1959,9,ray_crawford,,0,0
1959,9,mike_taylor,,0,0
1959,9,branson,,0,0
1959,9,christie,,0,0
1959,9,grim,,0,0
1959,9,turner,,0,0
1959,9,weyant,,0,0
1959,9,larson,,0,0
1959,9,magill,,0,0
1959,9,amick,,0,0
1959,9,sutton,,0,0
1959,9,bryan,,0,0
1960,10,jack_brabham,1,43,5
1960,10,mclaren,2,34,1
1960,10,moss,3,19,2
1960,10,ireland,4,18,0
1960,10,phil_hill,5,16,1
1960,10,gendebien,6,10,0
1960,10,trips,7,10,0
1960,10,rathmann,8,8,1
1960,10,ginther,9,8,0
1960,10,clark,10,8,0
1960,10,brooks,11,7,0
1960,10,surtees,12,6,0
1960,10,allison,13,6,0
1960,10,ward,14,6,0
1960,10,hill,15,4,0
1960,10,mairesse,16,4,0
1960,10,goldsmith,17,4,0
1960,10,bonnier,18,4,0
1960,10,henry_taylor,19,3,0
1960,10,menditeguy,20,3,0
1960,10,branson,21,3,0
1960,10,cabianca,22,3,0
1960,10,thomson,23,2,0
1960,10,bianchi,24,1,0
1960,10,flockhart,25,1,0
1960,10,johnson,26,1,0
1960,10,herrmann,27,1,0
1960,10,trintignant,,0,0
1960,10,ruby,,0,0
1960,10,barth,,0,0
1960,10,hall,,0,0
1960,10,salvadori,,0,0
1960,10,halford,,0,0
1960,10,veith,,0,0
1960,10,beaufort,,0,0
1960,10,drogo,,0,0
1960,10,gregory,,0,0
1960,10,larreta,,0,0
1960,10,tingelstad,,0,0
1960,10,seidel,,0,0
1960,10,gurney,,0,0
1960,10,daigh,,0,0
1960,10,burgess,,0,0
1960,10,gonzalez,,0,0
1960,10,christie,,0,0
1960,10,gamble,,0,0
1960,10,bonomi,,0,0
1960,10,amick,,0,0
1960,10,lovely,,0,0
1960,10,piper,,0,0
1960,10,darter,,0,0
1960,10,munaron,,0,0
1960,10,naylor,,0,0
1960,10,homeier,,0,0
1960,10,drake,,0,0
1960,10,estefano,,0,0
1960,10,hartley,,0,0
1960,10,stevenson,,0,0
1960,10,grim,,0,0
1960,10,templeman,,0,0
1960,10,hurtubise,,0,0
1960,10,bryan,,0,0
1960,10,ruttman,,0,0
1960,10,sachs,,0,0
1960,10,freeland,,0,0
1960,10,bettenhausen,,0,0
1960,10,weiler,,0,0
1960,10,foyt,,0,0
1960,10,russo,,0,0
1960,10,boyd,,0,0
1960,10,force,,0,0
1960,10,mcwithey,,0,0
1960,10,sutton,,0,0
1960,10,dick_rathmann,,0,0
1960,10,herman,,0,0
1960,10,dempsey_wilson,,0,0
1960,10,stacey,,0,0
1960,10,cabral,,0,0
1960,10,bristow,,0,0
1960,10,thiele,,0,0
1960,10,scarlatti,,0,0
1960,10,schell,,0,0
1960,10,vic_wilson,,0,0
1960,10,owen,,0,0
1960,10,reventlow,,0,0
1960,10,gould,,0,0
1960,10,mike_taylor,,0,0
1960,10,chimeri,,0,0
1960,10,creus,,0,0
1960,10,fairman,,0,0
1960,10,greene,,0,0
1961,8,phil_hill,1,34,2
1961,8,trips,2,33,2
1961,8,moss,3,21,2
1961,8,gurney,4,21,0
1961,8,ginther,5,16,0
1961,8,ireland,6,12,1
1961,8,clark,7,11,0
1961,8,mclaren,8,11,0
1961,8,baghetti,9,9,1
1961,8,brooks,10,6,0
1961,8,jack_brabham,11,4,0
1961,8,surtees,12,4,0
1961,8,lewis,13,3,0
1961,8,gendebien,14,3,0
1961,8,bonnier,15,3,0
1961,8,hill,16,3,0
1961,8,salvadori,17,2,0
1961,8,trintignant,,0,0
1961,8,beaufort,,0,0
1961,8,bandini,,0,0
1961,8,allison,,0,0
1961,8,penske,,0,0
1961,8,herrmann,,0,0
1961,8,ryan,,0,0
1961,8,gregory,,0,0
1961,8,henry_taylor,,0,0
1961,8,parnell,,0,0
1961,8,sharp,,0,0
1961,8,maggs,,0,0
1961,8,may,,0,0
1961,8,burgess,,0,0
1961,8,pirocchi,,0,0
1961,8,trevor_taylor,,0,0
1961,8,marsh,,0,0
1961,8,greene,,0,0
1961,8,ashmore,,0,0
1961,8,seidel,,0,0
1961,8,hall,,0,0
1961,8,ruby,,0,0
1961,8,starrabba,,0,0
1961,8,mairesse,,0,0
1961,8,ricardo_rodriguez,,0,0
1961,8,hansgen,,0,0
1961,8,bianchi,,0,0
1961,8,collomb,,0,0
1961,8,fairman,,0,0
1961,8,vaccarella,,0,0
1961,8,ken_miles,,0,0
1961,8,scarlatti,,0,0
1961,8,naylor,,0,0
1961,8,barth,,0,0
1961,8,bordeu,,0,0
1961,8,bussinello,,0,0
1961,8,natili,,0,0
1961,8,monteverdi,,0,0
1961,8,lippi,,0,0
1961,8,duke,,0,0
1961,8,campbell-jones,,0,0
1961,8,thiele,,0,0
1961,8,prinoth,,0,0
1961,8,boffa,,0,0
1962,9,hill,1,42,4
1962,9,clark,2,30,3
1962,9,mclaren,3,27,1
1962,9,surtees,4,19,0
1962,9,gurney,5,15,1
1962,9,phil_hill,6,14,0
1962,9,maggs,7,13,0
1962,9,ginther,8,10,0
1962,9,jack_brabham,9,9,0
1962,9,trevor_taylor,10,6,0
1962,9,baghetti,11,5,0
1962,9,bandini,12,4,0
1962,9,ricardo_rodriguez,13,4,0
1962,9,mairesse,14,3,0
1962,9,bonnier,15,3,0
1962,9,ireland,16,2,0
1962,9,beaufort,17,2,0
1962,9,gregory,18,1,0
1962,9,lederle,19,1,0
1962,9,trintignant,,0,0
1962,9,lewis,,0,0
1962,9,love,,0,0
1962,9,vaccarella,,0,0
1962,9,bianchi,,0,0
1962,9,penske,,0,0
1962,9,johnstone,,0,0
1962,9,siffert,,0,0
1962,9,schroeder,,0,0
1962,9,pieterse,,0,0
1962,9,burgess,,0,0
1962,9,settember,,0,0
1962,9,campbell-jones,,0,0
1962,9,sharp,,0,0
1962,9,walter,,0,0
1962,9,chamberlain,,0,0
1962,9,salvadori,,0,0
1962,9,serrurier,,0,0
1962,9,seidel,,0,0
1962,9,harris,,0,0
1962,9,mayer,,0,0
1962,9,arundell,,0,0
1962,9,hocking,,0,0
1962,9,marsh,,0,0
1962,9,vyver,,0,0
1962,9,greene,,0,0
1962,9,pon,,0,0
1962,9,davis,,0,0
1962,9,hall,,0,0
1962,9,shelly,,0,0
1962,9,slotemaker,,0,0
1962,9,abate,,0,0
1962,9,tingle,,0,0
1962,9,ashmore,,0,0
1962,9,bussinello,,0,0
1962,9,schiller,,0,0
1962,9,collomb,,0,0
1962,9,kuhnke,,0,0
1963,10,clark,1,54,7
1963,10,hill,2,29,2
1963,10,ginther,3,29,0
1963,10,surtees,4,22,1
1963,10,gurney,5,19,0
1963,10,mclaren,6,17,0
1963,10,jack_brabham,7,14,0
1963,10,maggs,8,9,0
1963,10,ireland,9,6,0
1963,10,bandini,10,6,0
1963,10,bonnier,11,6,0
1963,10,mitter,12,3,0
1963,10,hall,13,3,0
1963,10,beaufort,14,2,0
1963,10,siffert,15,1,0
1963,10,trevor_taylor,16,1,0
1963,10,scarfiotti,17,1,0
1963,10,amon,,0,0
1963,10,sharp,,0,0
1963,10,broeker,,0,0
1963,10,trintignant,,0,0
1963,10,hailwood,,0,0
1963,10,settember,,0,0
1963,10,love,,0,0
1963,10,collomb,,0,0
1963,10,phil_hill,,0,0
1963,10,gregory,,0,0
1963,10,solana,,0,0
1963,10,serrurier,,0,0
1963,10,anderson,,0,0
1963,10,blokdyk,,0,0
1963,10,campbell-jones,,0,0
1963,10,spence,,0,0
1963,10,niemann,,0,0
1963,10,baghetti,,0,0
1963,10,mairesse,,0,0
1963,10,bianchi,,0,0
1963,10,cabral,,0,0
1963,10,ward,,0,0
1963,10,rodriguez,,0,0
1963,10,burgess,,0,0
1963,10,klerk,,0,0
1963,10,prophet,,0,0
1963,10,raby,,0,0
1963,10,pieterse,,0,0
1963,10,tingle,,0,0
1963,10,arundell,,0,0
1963,10,driver,,0,0
1963,10,hansgen,,0,0
1963,10,dochnal,,0,0
1963,10,lederle,,0,0
1963,10,estefano,,0,0
1963,10,vos,,0,0
1963,10,monarch,,0,0
1963,10,seiffert,,0,0
1963,10,abate,,0,0
1963,10,starrabba,,0,0
1964,10,surtees,1,40,2
1964,10,hill,2,39,2
1964,10,clark,3,32,3
1964,10,bandini,4,23,1
1964,10,ginther,5,23,0
1964,10,gurney,6,19,2
1964,10,mclaren,7,13,0
1964,10,jack_brabham,8,11,0
1964,10,arundell,9,11,0
1964,10,siffert,10,7,0
1964,10,anderson,11,5,0
1964,10,spence,12,4,0
1964,10,maggs,13,4,0
1964,10,ireland,14,4,0
1964,10,bonnier,15,3,0
1964,10,amon,16,2,0
1964,10,trintignant,17,2,0
1964,10,hansgen,18,2,0
1964,10,phil_hill,19,1,0
1964,10,trevor_taylor,20,1,0
1964,10,hailwood,21,1,0
1964,10,rodriguez,22,1,0
1964,10,baghetti,,0,0
1964,10,mitter,,0,0
1964,10,scarfiotti,,0,0
1964,10,solana,,0,0
1964,10,revson,,0,0
1964,10,sharp,,0,0
1964,10,bucknum,,0,0
1964,10,taylor,,0,0
1964,10,rindt,,0,0
1964,10,andre_pilette,,0,0
1964,10,cabral,,0,0
1964,10,beaufort,,0,0
1964,10,raby,,0,0
1964,10,barth,,0,0
1964,10,gardner,,0,0
1964,10,attwood,,0,0
1965,10,clark,1,54,6
1965,10,hill,2,40,2
1965,10,stewart,3,33,1
1965,10,gurney,4,25,0
1965,10,surtees,5,17,0
1965,10,bandini,6,13,0
1965,10,ginther,7,11,1
1965,10,spence,8,10,0
1965,10,mclaren,9,10,0
1965,10,jack_brabham,10,9,0
1965,10,hulme,11,5,0
1965,10,siffert,12,5,0
1965,10,rindt,13,4,0
1965,10,rodriguez,14,2,0
1965,10,bucknum,15,2,0
1965,10,attwood,16,2,0
1965,10,bonnier,,0,0
1965,10,gardner,,0,0
1965,10,gregory,,0,0
1965,10,anderson,,0,0
1965,10,ireland,,0,0
1965,10,hawkins,,0,0
1965,10,bondurant,,0,0
1965,10,klerk,,0,0
1965,10,raby,,0,0
1965,10,maggs,,0,0
1965,10,solana,,0,0
1965,10,bianchi,,0,0
1965,10,vaccarella,,0,0
1965,10,bussinello,,0,0
1965,10,tingle,,0,0
1965,10,prophet,,0,0
1965,10,amon,,0,0
1965,10,mitter,,0,0
1965,10,hailwood,,0,0
1965,10,rhodes,,0,0
1965,10,geki,,0,0
1965,10,love,,0,0
1965,10,scarfiotti,,0,0
1965,10,baghetti,,0,0
1965,10,bassi,,0,0
1965,10,reed,,0,0
1965,10,clapham,,0,0
1965,10,blignaut,,0,0
1966,9,jack_brabham,1,42,4
1966,9,surtees,2,28,2
1966,9,rindt,3,22,0
1966,9,hulme,4,18,0
1966,9,hill,5,17,0
1966,9,clark,6,16,1
1966,9,stewart,7,14,1
1966,9,parkes,8,12,0
1966,9,bandini,9,12,0
1966,9,scarfiotti,10,9,1
1966,9,ginther,11,5,0
1966,9,gurney,12,4,0
1966,9,spence,13,4,0
1966,9,bondurant,14,3,0
1966,9,siffert,15,3,0
1966,9,mclaren,16,3,0
1966,9,arundell,17,1,0
1966,9,bonnier,18,1,0
1966,9,anderson,19,1,0
1966,9,taylor,20,1,0
1966,9,irwin,,0,0
1966,9,bucknum,,0,0
1966,9,amon,,0,0
1966,9,ligier,,0,0
1966,9,geki,,0,0
1966,9,lawrence,,0,0
1966,9,ireland,,0,0
1966,9,rodriguez,,0,0
1966,9,baghetti,,0,0
1966,9,vic_wilson,,0,0
1966,9,solana,,0,0
1966,9,trevor_taylor,,0,0
1967,11,hulme,1,51,2
1967,11,jack_brabham,2,48,2
1967,11,clark,3,41,4
1967,11,surtees,4,20,1
1967,11,amon,5,20,0
1967,11,rodriguez,6,15,1
1967,11,hill,7,15,0
1967,11,gurney,8,13,1
1967,11,stewart,9,10,0
1967,11,spence,10,9,0
1967,11,love,11,6,0
1967,11,siffert,12,6,0
1967,11,rindt,13,6,0
1967,11,mclaren,14,3,0
1967,11,bonnier,15,3,0
1967,11,irwin,16,2,0
1967,11,anderson,17,2,0
1967,11,parkes,18,2,0
1967,11,ickx,19,1,0
1967,11,scarfiotti,20,1,0
1967,11,ligier,21,1,0
1967,11,oliver,,0,0
1967,11,beltoise,,0,0
1967,11,rees,,0,0
1967,11,hobbs,,0,0
1967,11,williams,,0,0
1967,11,attwood,,0,0
1967,11,fisher,,0,0
1967,11,charlton,,0,0
1967,11,bandini,,0,0
1967,11,courage,,0,0
1967,11,botha,,0,0
1967,11,tingle,,0,0
1967,11,baghetti,,0,0
1967,11,wietzes,,0,0
1967,11,hart,,0,0
1967,11,gavin,,0,0
1967,11,moser,,0,0
1967,11,pease,,0,0
1967,11,solana,,0,0
1967,11,hahne,,0,0
1967,11,ahrens,,0,0
1967,11,jo_schlesser,,0,0
1968,12,hill,1,48,3
1968,12,stewart,2,36,3
1968,12,hulme,3,33,2
1968,12,ickx,4,27,1
1968,12,mclaren,5,22,1
1968,12,rodriguez,6,18,0
1968,12,siffert,7,12,1
1968,12,surtees,8,12,0
1968,12,beltoise,9,11,0
1968,12,amon,10,10,0
1968,12,clark,11,9,1
1968,12,rindt,12,8,0
1968,12,attwood,13,6,0
1968,12,gavin,14,6,0
1968,12,oliver,15,6,0
1968,12,scarfiotti,16,6,0
1968,12,bianchi,17,5,0
1968,12,elford,18,5,0
1968,12,redman,19,4,0
1968,12,courage,20,4,0
1968,12,gurney,21,3,0
1968,12,bonnier,22,3,0
1968,12,jack_brabham,23,2,0
1968,12,moser,24,2,0
1968,12,pescarolo,,0,0
1968,12,love,,0,0
1968,12,hahne,,0,0
1968,12,ahrens,,0,0
1968,12,pretorius,,0,0
1968,12,hobbs,,0,0
1968,12,widdows,,0,0
1968,12,tingle,,0,0
1968,12,rooyen,,0,0
1968,12,jo_schlesser,,0,0
1968,12,unser,,0,0
1968,12,solana,,0,0
1968,12,brack,,0,0
1968,12,mario_andretti,,0,0
1968,12,bell,,0,0
1968,12,adamich,,0,0
1968,12,spence,,0,0
1968,12,charlton,,0,0
1969,11,stewart,1,63,6
1969,11,ickx,2,37,2
1969,11,mclaren,3,26,0
1969,11,rindt,4,22,1
1969,11,beltoise,5,21,0
1969,11,hulme,6,20,1
1969,11,hill,7,19,1
1969,11,courage,8,16,0
1969,11,siffert,9,15,0
1969,11,jack_brabham,10,14,0
1969,11,surtees,11,6,0
1969,11,amon,12,4,0
1969,11,attwood,13,3,0
1969,11,elford,14,3,0
1969,11,rodriguez,15,3,0
1969,11,moser,16,1,0
1969,11,oliver,17,1,0
1969,11,gavin,18,1,0
1969,11,lovely,,0,0
1969,11,tingle,,0,0
1969,11,miles,,0,0
1969,11,brack,,0,0
1969,11,klerk,,0,0
1969,11,eaton,,0,0
1969,11,bonnier,,0,0
1969,11,mario_andretti,,0,0
1969,11,pease,,0,0
1969,11,love,,0,0
1969,11,bell,,0,0
1969,11,cordts,,0,0
1969,11,rooyen,,0,0
1970,13,rindt,1,45,5
1970,13,ickx,2,40,3
1970,13,regazzoni,3,33,1
1970,13,hulme,4,27,0
1970,13,stewart,5,25,1
1970,13,jack_brabham,6,25,1
1970,13,rodriguez,7,23,1
1970,13,amon,8,23,0
1970,13,beltoise,9,16,0
1970,13,emerson_fittipaldi,10,12,1
1970,13,stommelen,11,10,0
1970,13,pescarolo,12,8,0
1970,13,hill,13,7,0
1970,13,mclaren,14,6,0
1970,13,wisell,15,4,0
1970,13,mario_andretti,16,4,0
1970,13,giunti,17,3,0
1970,13,surtees,18,3,0
1970,13,miles,19,2,0
1970,13,oliver,20,2,0
1970,13,gavin,21,2,0
1970,13,cevert,22,1,0
1970,13,gethin,23,1,0
1970,13,gurney,24,1,0
1970,13,bell,25,1,0
1970,13,siffert,,0,0
1970,13,peterson,,0,0
1970,13,adamich,,0,0
1970,13,love,,0,0
1970,13,eaton,,0,0
1970,13,klerk,,0,0
1970,13,charlton,,0,0
1970,13,courage,,0,0
1970,13,lovely,,0,0
1970,13,schenken,,0,0
1970,13,bonnier,,0,0
1970,13,moser,,0,0
1970,13,hutchison,,0,0
1971,11,stewart,1,62,6
1971,11,peterson,2,33,0
1971,11,cevert,3,26,1
1971,11,ickx,4,19,1
1971,11,siffert,5,19,1
1971,11,emerson_fittipaldi,6,16,0
1971,11,regazzoni,7,13,0
1971,11,mario_andretti,8,12,1
1971,11,gethin,9,9,1
1971,11,rodriguez,10,9,0
1971,11,amon,11,9,0
1971,11,wisell,12,9,0
1971,11,hulme,13,9,0
1971,11,schenken,14,5,0
1971,11,ganley,15,5,0
1971,11,donohue,16,4,0
1971,11,pescarolo,17,4,0
1971,11,hailwood,18,3,0
1971,11,surtees,19,3,0
1971,11,stommelen,20,3,0
1971,11,hill,21,2,0
1971,11,beltoise,22,1,0
1971,11,oliver,,0,0
1971,11,redman,,0,0
1971,11,lennep,,0,0
1971,11,bonnier,,0,0
1971,11,hobbs,,0,0
1971,11,galli,,0,0
1971,11,marko,,0,0
1971,11,adamich,,0,0
1971,11,elford,,0,0
1971,11,mazet,,0,0
1971,11,Cannoc,,0,0
1971,11,eaton,,0,0
1971,11,jarier,,0,0
1971,11,beuttler,,0,0
1971,11,barber,,0,0
1971,11,jean,,0,0
1971,11,roig,,0,0
1971,11,lauda,,0,0
1971,11,lovely,,0,0
1971,11,charlton,,0,0
1971,11,bell,,0,0
1971,11,love,,0,0
1971,11,moser,,0,0
1971,11,pretorius,,0,0
1971,11,walker,,0,0
1971,11,craft,,0,0
1971,11,posey,,0,0
1971,11,revson,,0,0
1972,12,emerson_fittipaldi,1,61,5
1972,12,stewart,2,45,4
1972,12,hulme,3,39,1
1972,12,ickx,4,27,1
1972,12,revson,5,23,0
1972,12,cevert,6,15,0
1972,12,regazzoni,7,15,0
1972,12,hailwood,8,13,0
1972,12,peterson,9,12,0
1972,12,amon,10,12,0
1972,12,beltoise,11,9,1
1972,12,mario_andretti,12,4,0
1972,12,ganley,13,4,0
1972,12,redman,14,4,0
1972,12,hill,15,4,0
1972,12,reutemann,16,3,0
1972,12,adamich,17,3,0
1972,12,pace,18,3,0
1972,12,schenken,19,2,0
1972,12,merzario,20,1,0
1972,12,gethin,21,1,0
1972,12,wilson_fittipaldi,,0,0
1972,12,lauda,,0,0
1972,12,depailler,,0,0
1972,12,marko,,0,0
1972,12,beuttler,,0,0
1972,12,pescarolo,,0,0
1972,12,walker,,0,0
1972,12,scheckter,,0,0
1972,12,stommelen,,0,0
1972,12,wisell,,0,0
1972,12,posey,,0,0
1972,12,galli,,0,0
1972,12,barber,,0,0
1972,12,love,,0,0
1972,12,surtees,,0,0
1972,12,oliver,,0,0
1972,12,roig,,0,0
1972,12,migault,,0,0
1972,12,charlton,,0,0
1972,12,brack,,0,0
1972,12,bell,,0,0
1973,15,stewart,1,71,5
1973,15,emerson_fittipaldi,2,55,3
1973,15,peterson,3,52,4
1973,15,cevert,4,47,0
1973,15,revson,5,38,2
1973,15,hulme,6,26,1
1973,15,reutemann,7,16,0
1973,15,hunt,8,14,0
1973,15,ickx,9,12,0
1973,15,beltoise,10,9,0
1973,15,pace,11,7,0
1973,15,merzario,12,6,0
1973,15,follmer,13,5,0
1973,15,oliver,14,4,0
1973,15,adamich,15,3,0
1973,15,wilson_fittipaldi,16,3,0
1973,15,lauda,17,2,0
1973,15,regazzoni,18,2,0
1973,15,ganley,19,1,0
1973,15,lennep,20,1,0
1973,15,amon,21,1,0
1973,15,hailwood,,0,0
1973,15,beuttler,,0,0
1973,15,mass,,0,0
1973,15,pescarolo,,0,0
1973,15,hill,,0,0
1973,15,galli,,0,0
1973,15,purley,,0,0
1973,15,scheckter,,0,0
1973,15,stommelen,,0,0
1973,15,jarier,,0,0
1973,15,bueno,,0,0
1973,15,opel,,0,0
1973,15,schenken,,0,0
1973,15,keizan,,0,0
1973,15,watson,,0,0
1973,15,pretorius,,0,0
1973,15,williamson,,0,0
1973,15,wisell,,0,0
1973,15,charlton,,0,0
1973,15,redman,,0,0
1973,15,gethin,,0,0
1973,15,mcrae,,0,0
1974,15,emerson_fittipaldi,1,55,3
1974,15,regazzoni,2,52,1
1974,15,scheckter,3,45,2
1974,15,lauda,4,38,2
1974,15,peterson,5,35,3
1974,15,reutemann,6,32,3
1974,15,hulme,7,20,1
1974,15,hunt,8,15,0
1974,15,depailler,9,14,0
1974,15,ickx,10,12,0
1974,15,hailwood,11,12,0
1974,15,pace,12,11,0
1974,15,beltoise,13,10,0
1974,15,jarier,14,6,0
1974,15,watson,15,6,0
1974,15,stuck,16,5,0
1974,15,merzario,17,4,0
1974,15,hill,18,1,0
1974,15,pryce,19,1,0
1974,15,brambilla,20,1,0
1974,15,edwards,,0,0
1974,15,hobbs,,0,0
1974,15,mass,,0,0
1974,15,redman,,0,0
1974,15,mario_andretti,,0,0
1974,15,ganley,,0,0
1974,15,belso,,0,0
1974,15,opel,,0,0
1974,15,pescarolo,,0,0
1974,15,amon,,0,0
1974,15,quester,,0,0
1974,15,schenken,,0,0
1974,15,koinigg,,0,0
1974,15,stommelen,,0,0
1974,15,bell,,0,0
1974,15,donohue,,0,0
1974,15,ian_scheckter,,0,0
1974,15,migault,,0,0
1974,15,ashley,,0,0
1974,15,lennep,,0,0
1974,15,keizan,,0,0
1974,15,robarts,,0,0
1974,15,schuppan,,0,0
1974,15,laffite,,0,0
1974,15,pilette,,0,0
1974,15,charlton,,0,0
1974,15,wilds,,0,0
1974,15,wisell,,0,0
1974,15,dolhem,,0,0
1974,15,revson,,0,0
1974,15,kinnunen,,0,0
1974,15,larrousse,,0,0
1974,15,driver,,0,0
1974,15,roos,,0,0
1974,15,gethin,,0,0
1974,15,wietzes,,0,0
1975,14,lauda,1,64.5,5
1975,14,emerson_fittipaldi,2,45,2
1975,14,reutemann,3,37,1
1975,14,hunt,4,33,1
1975,14,regazzoni,5,25,1
1975,14,pace,6,24,1
1975,14,scheckter,7,20,1
1975,14,mass,8,20,1
1975,14,depailler,9,12,0
1975,14,pryce,10,8,0
1975,14,brambilla,11,6.5,1
1975,14,laffite,12,6,0
1975,14,peterson,13,6,0
1975,14,mario_andretti,14,5,0
1975,14,donohue,15,4,0
1975,14,ickx,16,3,0
1975,14,jones,17,2,0
1975,14,jarier,18,1.5,0
1975,14,brise,19,1,0
1975,14,lennep,20,1,0
1975,14,lombardi,21,0.5,0
1975,14,stommelen,,0,0
1975,14,watson,,0,0
1975,14,ertl,,0,0
1975,14,stuck,,0,0
1975,14,evans,,0,0
1975,14,wilson_fittipaldi,,0,0
1975,14,hill,,0,0
1975,14,lunger,,0,0
1975,14,palm,,0,0
1975,14,merzario,,0,0
1975,14,tunmer,,0,0
1975,14,amon,,0,0
1975,14,ian_scheckter,,0,0
1975,14,jabouille,,0,0
1975,14,crawford,,0,0
1975,14,keizan,,0,0
1975,14,charlton,,0,0
1975,14,magee,,0,0
1975,14,zorzi,,0,0
1975,14,henton,,0,0
1975,14,nicholson,,0,0
1975,14,morgan,,0,0
1975,14,migault,,0,0
1975,14,wunderink,,0,0
1975,14,wilds,,0,0
1975,14,schuppan,,0,0
1975,14,leclere,,0,0
1975,14,vonlanthen,,0,0
1975,14,fushida,,0,0
1975,14,ashley,,0,0
1976,16,hunt,1,66,6
1976,16,lauda,2,64,5
1976,16,scheckter,3,48,1
1976,16,depailler,4,39,0
1976,16,regazzoni,5,31,1
1976,16,mario_andretti,6,22,1
1976,16,watson,7,20,1
1976,16,laffite,8,20,0
1976,16,mass,9,19,0
1976,16,nilsson,10,11,0
1976,16,peterson,11,10,1
1976,16,pryce,12,10,0
1976,16,stuck,13,8,0
1976,16,pace,14,7,0
1976,16,jones,15,7,0
1976,16,reutemann,16,3,0
1976,16,emerson_fittipaldi,17,3,0
1976,16,amon,18,2,0
1976,16,brambilla,19,1,0
1976,16,stommelen,20,1,0
1976,16,ertl,,0,0
1976,16,jarier,,0,0
1976,16,ickx,,0,0
1976,16,perkins,,0,0
1976,16,pescarolo,,0,0
1976,16,merzario,,0,0
1976,16,zorzi,,0,0
1976,16,takahara,,0,0
1976,16,leclere,,0,0
1976,16,lunger,,0,0
1976,16,evans,,0,0
1976,16,pesenti_rossi,,0,0
1976,16,hoffmann,,0,0
1976,16,hasemi,,0,0
1976,16,lombardi,,0,0
1976,16,kessel,,0,0
1976,16,ribeiro,,0,0
1976,16,brown,,0,0
1976,16,edwards,,0,0
1976,16,neve,,0,0
1976,16,binder,,0,0
1976,16,hayje,,0,0
1976,16,hoshino,,0,0
1976,16,ashley,,0,0
1976,16,ian_scheckter,,0,0
1976,16,andersson,,0,0
1976,16,stuppacher,,0,0
1977,17,lauda,1,70,3
1977,17,scheckter,2,55,3
1977,17,mario_andretti,3,47,4
1977,17,reutemann,4,41,1
1977,17,hunt,5,40,3
1977,17,mass,6,25,0
1977,17,jones,7,22,1
1977,17,nilsson,8,20,1
1977,17,depailler,9,20,0
1977,17,laffite,10,18,1
1977,17,stuck,11,12,0
1977,17,emerson_fittipaldi,12,11,0
1977,17,watson,13,9,0
1977,17,peterson,14,7,0
1977,17,pace,15,6,0
1977,17,brambilla,16,6,0
1977,17,regazzoni,17,5,0
1977,17,tambay,18,5,0
1977,17,jarier,19,1,0
1977,17,patrese,20,1,0
1977,17,zorzi,21,1,0
1977,17,keegan,,0,0
1977,17,neve,,0,0
1977,17,schuppan,,0,0
1977,17,hoffmann,,0,0
1977,17,ongais,,0,0
1977,17,ribeiro,,0,0
1977,17,binder,,0,0
1977,17,lunger,,0,0
1977,17,ertl,,0,0
1977,17,oliver,,0,0
1977,17,takahashi,,0,0
1977,17,ian_scheckter,,0,0
1977,17,henton,,0,0
1977,17,ickx,,0,0
1977,17,gilles_villeneuve,,0,0
1977,17,hoshino,,0,0
1977,17,perkins,,0,0
1977,17,purley,,0,0
1977,17,villota,,0,0
1977,17,merzario,,0,0
1977,17,ashley,,0,0
1977,17,pryce,,0,0
1977,17,giacomelli,,0,0
1977,17,jabouille,,0,0
1977,17,hayje,,0,0
1977,17,rebaque,,0,0
1977,17,takahara,,0,0
1978,16,mario_andretti,1,64,6
1978,16,peterson,2,51,2
1978,16,reutemann,3,48,4
1978,16,lauda,4,44,2
1978,16,depailler,5,34,1
1978,16,watson,6,25,0
1978,16,scheckter,7,24,0
1978,16,laffite,8,19,0
1978,16,gilles_villeneuve,9,17,1
1978,16,emerson_fittipaldi,10,17,0
1978,16,jones,11,11,0
1978,16,patrese,12,11,0
1978,16,hunt,13,8,0
1978,16,tambay,14,8,0
1978,16,pironi,15,7,0
1978,16,regazzoni,16,4,0
1978,16,jabouille,17,3,0
1978,16,stuck,18,2,0
1978,16,brambilla,19,1,0
1978,16,daly,20,1,0
1978,16,rebaque,21,1,0
1978,16,lunger,,0,0
1978,16,giacomelli,,0,0
1978,16,mass,,0,0
1978,16,jarier,,0,0
1978,16,arnoux,,0,0
1978,16,stommelen,,0,0
1978,16,piquet,,0,0
1978,16,keke_rosberg,,0,0
1978,16,keegan,,0,0
1978,16,ertl,,0,0
1978,16,ickx,,0,0
1978,16,rahal,,0,0
1978,16,merzario,,0,0
1978,16,bleekemolen,,0,0
1978,16,ongais,,0,0
1978,16,leoni,,0,0
1978,16,cheever,,0,0
1979,15,scheckter,1,51,3
1979,15,gilles_villeneuve,2,47,3
1979,15,jones,3,40,4
1979,15,laffite,4,36,2
1979,15,regazzoni,5,29,1
1979,15,depailler,6,20,1
1979,15,reutemann,7,20,0
1979,15,arnoux,8,17,0
1979,15,watson,9,15,0
1979,15,pironi,10,14,0
1979,15,jarier,11,14,0
1979,15,mario_andretti,12,14,0
1979,15,jabouille,13,9,1
1979,15,lauda,14,4,0
1979,15,angelis,15,3,0
1979,15,piquet,16,3,0
1979,15,ickx,17,3,0
1979,15,mass,18,3,0
1979,15,stuck,19,2,0
1979,15,patrese,20,2,0
1979,15,emerson_fittipaldi,21,1,0
1979,15,rebaque,,0,0
1979,15,tambay,,0,0
1979,15,zunino,,0,0
1979,15,lees,,0,0
1979,15,daly,,0,0
1979,15,hunt,,0,0
1979,15,lammers,,0,0
1979,15,keke_rosberg,,0,0
1979,15,brambilla,,0,0
1979,15,gaillard,,0,0
1979,15,giacomelli,,0,0
1979,15,surer,,0,0
1979,15,merzario,,0,0
1979,15,brancatelli,,0,0
1979,15,ribeiro,,0,0
1980,14,jones,1,67,5
1980,14,piquet,2,54,3
1980,14,reutemann,3,42,1
1980,14,laffite,4,34,1
1980,14,pironi,5,32,1
1980,14,arnoux,6,29,2
1980,14,angelis,7,13,0
1980,14,jabouille,8,9,1
1980,14,patrese,9,7,0
1980,14,keke_rosberg,10,6,0
1980,14,watson,11,6,0
1980,14,daly,12,6,0
1980,14,jarier,13,6,0
1980,14,gilles_villeneuve,14,6,0
1980,14,emerson_fittipaldi,15,5,0
1980,14,prost,16,5,0
1980,14,mass,17,4,0
1980,14,giacomelli,18,4,0
1980,14,scheckter,19,2,0
1980,14,mario_andretti,20,1,0
1980,14,rebaque,21,1,0
1980,14,surer,,0,0
1980,14,zunino,,0,0
1980,14,keegan,,0,0
1980,14,regazzoni,,0,0
1980,14,lammers,,0,0
1980,14,cheever,,0,0
1980,14,lees,,0,0
1980,14,depailler,,0,0
1980,14,mansell,,0,0
1980,14,brambilla,,0,0
1980,14,cesaris,,0,0
1980,14,needell,,0,0
1980,14,thackwell,,0,0
1980,14,kennedy,,0,0
1980,14,johansson,,0,0
1980,14,ertl,,0,0
1980,14,manfred_winkelhock,,0,0
1980,14,south,,0,0
1980,14,desire_wilson,,0,0
1980,14,cogan,,0,0
1981,15,piquet,1,50,3
1981,15,reutemann,2,49,2
1981,15,jones,3,46,2
1981,15,laffite,4,44,2
1981,15,prost,5,43,3
1981,15,watson,6,27,1
1981,15,gilles_villeneuve,7,25,2
1981,15,angelis,8,14,0
1981,15,arnoux,9,11,0
1981,15,rebaque,10,11,0
1981,15,patrese,11,10,0
1981,15,cheever,12,10,0
1981,15,pironi,13,9,0
1981,15,mansell,14,8,0
1981,15,giacomelli,15,7,0
1981,15,surer,16,4,0
1981,15,mario_andretti,17,3,0
1981,15,cesaris,18,1,0
1981,15,tambay,19,1,0
1981,15,borgudd,20,1,0
1981,15,salazar,21,1,0
1981,15,jarier,,0,0
1981,15,daly,,0,0
1981,15,stohr,,0,0
1981,15,serra,,0,0
1981,15,keke_rosberg,,0,0
1981,15,alboreto,,0,0
1981,15,henton,,0,0
1981,15,lammers,,0,0
1981,15,zunino,,0,0
1981,15,ghinzani,,0,0
1981,15,jabouille,,0,0
1981,15,warwick,,0,0
1981,15,gabbiani,,0,0
1981,15,guerra,,0,0
1981,15,cogan,,0,0
1981,15,villeneuve_sr,,0,0
1981,15,londono,,0,0
1981,15,francia,,0,0
1982,16,keke_rosberg,1,44,1
1982,16,pironi,2,39,2
1982,16,watson,3,39,2
1982,16,prost,4,34,2
1982,16,lauda,5,30,2
1982,16,arnoux,6,28,2
1982,16,tambay,7,25,1
1982,16,alboreto,8,25,1
1982,16,angelis,9,23,1
1982,16,patrese,10,21,1
1982,16,piquet,11,20,1
1982,16,cheever,12,15,0
1982,16,daly,13,8,0
1982,16,mansell,14,7,0
1982,16,gilles_villeneuve,15,6,0
1982,16,reutemann,16,6,0
1982,16,cesaris,17,5,0
1982,16,laffite,18,5,0
1982,16,mario_andretti,19,4,0
1982,16,jarier,20,3,0
1982,16,surer,21,3,0
1982,16,giacomelli,22,2,0
1982,16,salazar,23,2,0
1982,16,manfred_winkelhock,24,2,0
1982,16,baldi,25,2,0
1982,16,serra,26,1,0
1982,16,henton,,0,0
1982,16,mass,,0,0
1982,16,borgudd,,0,0
1982,16,boesel,,0,0
1982,16,guerrero,,0,0
1982,16,warwick,,0,0
1982,16,keegan,,0,0
1982,16,lees,,0,0
1982,16,fabi,,0,0
1982,16,paletti,,0,0
1982,16,byrne,,0,0
1982,16,lammers,,0,0
1982,16,villota,,0,0
1982,16,moreno,,0,0
1983,15,piquet,1,59,3
1983,15,prost,2,57,4
1983,15,arnoux,3,49,3
1983,15,tambay,4,40,1
1983,15,keke_rosberg,5,27,1
1983,15,watson,6,22,1
1983,15,cheever,7,22,0
1983,15,cesaris,8,15,0
1983,15,patrese,9,13,1
1983,15,lauda,10,12,0
1983,15,laffite,11,11,0
1983,15,alboreto,12,10,1
1983,15,mansell,13,10,0
1983,15,warwick,14,9,0
1983,15,surer,15,4,0
1983,15,baldi,16,3,0
1983,15,sullivan,17,2,0
1983,15,angelis,18,2,0
1983,15,giacomelli,19,1,0
1983,15,cecotto,20,1,0
1983,15,boutsen,,0,0
1983,15,serra,,0,0
1983,15,jarier,,0,0
1983,15,boesel,,0,0
1983,15,johansson,,0,0
1983,15,manfred_winkelhock,,0,0
1983,15,corrado_fabi,,0,0
1983,15,ghinzani,,0,0
1983,15,guerrero,,0,0
1983,15,acheson,,0,0
1983,15,salazar,,0,0
1983,15,palmer,,0,0
1983,15,jones,,0,0
1983,15,villeneuve_sr,,0,0
1983,15,schlesser,,0,0
1984,16,lauda,1,72,5
1984,16,prost,2,71.5,7
1984,16,angelis,3,34,0
1984,16,alboreto,4,30.5,1
1984,16,piquet,5,29,2
1984,16,arnoux,6,27,0
1984,16,warwick,7,23,0
1984,16,keke_rosberg,8,20.5,1
1984,16,senna,9,13,0
1984,16,mansell,10,13,0
1984,16,tambay,11,11,0
1984,16,fabi,12,9,0
1984,16,patrese,13,8,0
1984,16,laffite,14,5,0
1984,16,boutsen,15,5,0
1984,16,cheever,16,3,0
1984,16,johansson,17,3,0
1984,16,cesaris,18,3,0
1984,16,ghinzani,19,2,0
1984,16,surer,20,1,0
1984,16,gartner,,0,0
1984,16,berger,,0,0
1984,16,hesnault,,0,0
1984,16,corrado_fabi,,0,0
1984,16,baldi,,0,0
1984,16,manfred_winkelhock,,0,0
1984,16,palmer,,0,0
1984,16,rothengatter,,0,0
1984,16,cecotto,,0,0
1984,16,alliot,,0,0
1984,16,brundle,,0,0
1984,16,bellof,,0,0
1984,16,streiff,,0,0
1984,16,thackwell,,0,0
1984,16,martini,,0,0
1985,16,prost,1,73,5
1985,16,alboreto,2,53,2
1985,16,keke_rosberg,3,40,2
1985,16,senna,4,38,2
1985,16,angelis,5,33,1
1985,16,mansell,6,31,2
1985,16,johansson,7,26,0
1985,16,piquet,8,21,1
1985,16,laffite,9,16,0
1985,16,lauda,10,14,1
1985,16,boutsen,11,11,0
1985,16,tambay,12,11,0
1985,16,surer,13,5,0
1985,16,warwick,14,5,0
1985,16,streiff,15,4,0
1985,16,bellof,16,4,0
1985,16,cesaris,17,3,0
1985,16,capelli,18,3,0
1985,16,arnoux,19,3,0
1985,16,berger,20,3,0
1985,16,brundle,,0,0
1985,16,rothengatter,,0,0
1985,16,watson,,0,0
1985,16,martini,,0,0
1985,16,patrese,,0,0
1985,16,cheever,,0,0
1985,16,ghinzani,,0,0
1985,16,alliot,,0,0
1985,16,palmer,,0,0
1985,16,manfred_winkelhock,,0,0
1985,16,fabi,,0,0
1985,16,danner,,0,0
1985,16,acheson,,0,0
1985,16,baldi,,0,0
1985,16,jones,,0,0
1985,16,hesnault,,0,0
1986,16,prost,1,72,4
1986,16,mansell,2,70,5
1986,16,piquet,3,69,4
1986,16,senna,4,55,2
1986,16,johansson,5,23,0
1986,16,keke_rosberg,6,22,0
1986,16,berger,7,17,1
1986,16,laffite,8,14,0
1986,16,alboreto,9,14,0
1986,16,arnoux,10,14,0
1986,16,brundle,11,8,0
1986,16,jones,12,4,0
1986,16,dumfries,13,3,0
1986,16,streiff,14,3,0
1986,16,tambay,15,2,0
1986,16,fabi,16,2,0
1986,16,patrese,17,2,0
1986,16,danner,18,1,0
1986,16,alliot,19,1,0
1986,16,boutsen,,0,0
1986,16,warwick,,0,0
1986,16,palmer,,0,0
1986,16,rothengatter,,0,0
1986,16,cesaris,,0,0
1986,16,angelis,,0,0
1986,16,surer,,0,0
1986,16,ghinzani,,0,0
1986,16,berg,,0,0
1986,16,nannini,,0,0
1986,16,caffi,,0,0
1986,16,capelli,,0,0
1986,16,cheever,,0,0
1987,16,piquet,1,73,3
1987,16,mansell,2,61,6
1987,16,senna,3,57,2
1987,16,prost,4,46,3
1987,16,berger,5,36,2
1987,16,johansson,6,30,0
1987,16,alboreto,7,17,0
1987,16,boutsen,8,16,0
1987,16,fabi,9,12,0
1987,16,cheever,10,8,0
1987,16,palmer,11,7,0
1987,16,satoru_nakajima,12,7,0
1987,16,patrese,13,6,0
1987,16,cesaris,14,4,0
1987,16,streiff,15,4,0
1987,16,warwick,16,3,0
1987,16,alliot,17,3,0
1987,16,brundle,18,2,0
1987,16,capelli,19,1,0
1987,16,arnoux,20,1,0
1987,16,moreno,21,1,0
1987,16,dalmas,,0,0
1987,16,danner,,0,0
1987,16,ghinzani,,0,0
1987,16,fabre,,0,0
1987,16,nannini,,0,0
1987,16,caffi,,0,0
1987,16,campos,,0,0
1987,16,forini,,0,0
1987,16,tarquini,,0,0
1987,16,modena,,0,0
1987,16,larini,,0,0
1988,16,senna,1,90,8
1988,16,prost,2,87,7
1988,16,berger,3,41,1
1988,16,boutsen,4,27,0
1988,16,alboreto,5,24,0
1988,16,piquet,6,22,0
1988,16,capelli,7,17,0
1988,16,warwick,8,17,0
1988,16,mansell,9,12,0
1988,16,nannini,10,12,0
1988,16,patrese,11,8,0
1988,16,cheever,12,6,0
1988,16,gugelmin,13,5,0
1988,16,palmer,14,5,0
1988,16,cesaris,15,3,0
1988,16,satoru_nakajima,16,1,0
1988,16,martini,17,1,0
1988,16,dalmas,,0,0
1988,16,caffi,,0,0
1988,16,brundle,,0,0
1988,16,streiff,,0,0
1988,16,sala,,0,0
1988,16,tarquini,,0,0
1988,16,alliot,,0,0
1988,16,johansson,,0,0
1988,16,bailey,,0,0
1988,16,larini,,0,0
1988,16,arnoux,,0,0
1988,16,modena,,0,0
1988,16,schlesser,,0,0
1988,16,schneider,,0,0
1988,16,larrauri,,0,0
1988,16,ghinzani,,0,0
1988,16,campos,,0,0
1988,16,suzuki,,0,0
1988,16,raphanel,,0,0
1989,16,prost,1,76,4
1989,16,senna,2,60,6
1989,16,patrese,3,40,0
1989,16,mansell,4,38,2
1989,16,boutsen,5,37,2
1989,16,nannini,6,32,1
1989,16,berger,7,21,1
1989,16,piquet,8,12,0
1989,16,alesi,9,8,0
1989,16,warwick,10,7,0
1989,16,cheever,11,6,0
1989,16,johansson,12,6,0
1989,16,alboreto,13,6,0
1989,16,herbert,14,5,0
1989,16,martini,15,5,0
1989,16,gugelmin,16,4,0
1989,16,cesaris,17,4,0
1989,16,modena,18,4,0
1989,16,caffi,19,4,0
1989,16,brundle,20,4,0
1989,16,satoru_nakajima,21,3,0
1989,16,danner,22,3,0
1989,16,pirro,23,2,0
1989,16,arnoux,24,2,0
1989,16,palmer,25,2,0
1989,16,grouillard,26,1,0
1989,16,tarquini,27,1,0
1989,16,sala,28,1,0
1989,16,alliot,29,1,0
1989,16,capelli,,0,0
1989,16,bernard,,0,0
1989,16,gachot,,0,0
1989,16,larini,,0,0
1989,16,donnelly,,0,0
1989,16,moreno,,0,0
1989,16,lehto,,0,0
1989,16,ghinzani,,0,0
1989,16,schneider,,0,0
1989,16,raphanel,,0,0
1989,16,dalmas,,0,0
1989,16,barilla,,0,0
1989,16,foitek,,0,0
1989,16,weidler,,0,0
1989,16,suzuki,,0,0
1989,16,larrauri,,0,0
1989,16,joachim_winkelhock,,0,0
1989,16,bertaggia,,0,0
1990,16,senna,1,78,6
1990,16,prost,2,71,5
1990,16,piquet,3,43,2
1990,16,berger,4,43,0
1990,16,mansell,5,37,1
1990,16,boutsen,6,34,1
1990,16,patrese,7,23,1
1990,16,nannini,8,21,0
1990,16,alesi,9,13,0
1990,16,capelli,10,6,0
1990,16,moreno,11,6,0
1990,16,suzuki,12,6,0
1990,16,bernard,13,5,0
1990,16,warwick,14,3,0
1990,16,satoru_nakajima,15,3,0
1990,16,caffi,16,2,0
1990,16,modena,17,2,0
1990,16,gugelmin,18,1,0
1990,16,larini,,0,0
1990,16,donnelly,,0,0
1990,16,martini,,0,0
1990,16,foitek,,0,0
1990,16,alliot,,0,0
1990,16,alboreto,,0,0
1990,16,dalmas,,0,0
1990,16,pirro,,0,0
1990,16,cesaris,,0,0
1990,16,barilla,,0,0
1990,16,lehto,,0,0
1990,16,schneider,,0,0
1990,16,grouillard,,0,0
1990,16,tarquini,,0,0
1990,16,morbidelli,,0,0
1990,16,brabham,,0,0
1990,16,herbert,,0,0
1990,16,johansson,,0,0
1990,16,gachot,,0,0
1990,16,langes,,0,0
1990,16,giacomelli,,0,0
1990,16,gary_brabham,,0,0
1991,16,senna,1,96,7
1991,16,mansell,2,72,5
1991,16,patrese,3,53,2
1991,16,berger,4,43,1
1991,16,prost,5,34,0
1991,16,piquet,6,26.5,1
1991,16,alesi,7,21,0
1991,16,modena,8,10,0
1991,16,cesaris,9,9,0
1991,16,moreno,10,8,0
1991,16,martini,11,6,0
1991,16,lehto,12,4,0
1991,16,gachot,13,4,0
1991,16,michael_schumacher,14,4,0
1991,16,satoru_nakajima,15,2,0
1991,16,hakkinen,16,2,0
1991,16,brundle,17,2,0
1991,16,pirro,18,1,0
1991,16,blundell,19,1,0
1991,16,capelli,20,1,0
1991,16,bernard,21,1,0
1991,16,suzuki,22,1,0
1991,16,bailey,23,1,0
1991,16,morbidelli,24,0.5,0
1991,16,gugelmin,,0,0
1991,16,boutsen,,0,0
1991,16,herbert,,0,0
1991,16,larini,,0,0
1991,16,comas,,0,0
1991,16,tarquini,,0,0
1991,16,zanardi,,0,0
1991,16,poele,,0,0
1991,16,caffi,,0,0
1991,16,grouillard,,0,0
1991,16,alboreto,,0,0
1991,16,wendlinger,,0,0
1991,16,johansson,,0,0
1991,16,barbazza,,0,0
1991,16,bartels,,0,0
1991,16,hattori,,0,0
1991,16,chaves,,0,0
1992,16,mansell,1,108,9
1992,16,patrese,2,56,1
1992,16,michael_schumacher,3,53,1
1992,16,senna,4,50,3
1992,16,berger,5,49,2
1992,16,brundle,6,38,0
1992,16,alesi,7,18,0
1992,16,hakkinen,8,11,0
1992,16,cesaris,9,8,0
1992,16,alboreto,10,6,0
1992,16,comas,11,4,0
1992,16,wendlinger,12,3,0
1992,16,capelli,13,3,0
1992,16,boutsen,14,2,0
1992,16,herbert,15,2,0
1992,16,martini,16,2,0
1992,16,modena,17,1,0
1992,16,fittipaldi,18,1,0
1992,16,gachot,19,1,0
1992,16,suzuki,,0,0
1992,16,lehto,,0,0
1992,16,morbidelli,,0,0
1992,16,gugelmin,,0,0
1992,16,grouillard,,0,0
1992,16,katayama,,0,0
1992,16,belmondo,,0,0
1992,16,poele,,0,0
1992,16,naspetti,,0,0
1992,16,larini,,0,0
1992,16,damon_hill,,0,0
1992,16,lammers,,0,0
1992,16,tarquini,,0,0
1992,16,chiesa,,0,0
1992,16,moreno,,0,0
1992,16,zanardi,,0,0
1992,16,mccarthy,,0,0
1992,16,amati,,0,0
1993,16,prost,1,99,7
1993,16,senna,2,73,5
1993,16,damon_hill,3,69,3
1993,16,michael_schumacher,4,52,1
1993,16,patrese,5,20,0
1993,16,alesi,6,16,0
1993,16,brundle,7,13,0
1993,16,berger,8,12,0
1993,16,herbert,9,11,0
1993,16,blundell,10,10,0
1993,16,andretti,11,7,0
1993,16,wendlinger,12,7,0
1993,16,lehto,13,5,0
1993,16,fittipaldi,14,5,0
1993,16,hakkinen,15,4,0
1993,16,warwick,16,4,0
1993,16,alliot,17,2,0
1993,16,barrichello,18,2,0
1993,16,barbazza,19,2,0
1993,16,zanardi,20,1,0
1993,16,comas,21,1,0
1993,16,irvine,22,1,0
1993,16,martini,,0,0
1993,16,suzuki,,0,0
1993,16,badoer,,0,0
1993,16,boutsen,,0,0
1993,16,cesaris,,0,0
1993,16,katayama,,0,0
1993,16,alboreto,,0,0
1993,16,lamy,,0,0
1993,16,toshio_suzuki,,0,0
1993,16,gounon,,0,0
1993,16,capelli,,0,0
1993,16,apicella,,0,0
1993,16,naspetti,,0,0
1994,16,michael_schumacher,1,92,8
1994,16,damon_hill,2,91,6
1994,16,berger,3,41,1
1994,16,hakkinen,4,26,0
1994,16,alesi,5,24,0
1994,16,barrichello,6,19,0
1994,16,brundle,7,16,0
1994,16,coulthard,8,14,0
1994,16,mansell,9,13,1
1994,16,verstappen,10,10,0
1994,16,panis,11,9,0
1994,16,blundell,12,8,0
1994,16,frentzen,13,7,0
1994,16,larini,14,6,0
1994,16,fittipaldi,15,6,0
1994,16,irvine,16,6,0
1994,16,katayama,17,5,0
1994,16,bernard,18,4,0
1994,16,wendlinger,19,4,0
1994,16,cesaris,20,4,0
1994,16,martini,21,4,0
1994,16,morbidelli,22,3,0
1994,16,comas,23,2,0
1994,16,lehto,24,1,0
1994,16,alboreto,25,1,0
1994,16,herbert,,0,0
1994,16,beretta,,0,0
1994,16,lamy,,0,0
1994,16,gounon,,0,0
1994,16,zanardi,,0,0
1994,16,brabham,,0,0
1994,16,salo,,0,0
1994,16,lagorce,,0,0
1994,16,ratzenberger,,0,0
1994,16,dalmas,,0,0
1994,16,adams,,0,0
1994,16,schiattarella,,0,0
1994,16,senna,,0,0
1994,16,belmondo,,0,0
1994,16,gachot,,0,0
1994,16,deletraz,,0,0
1994,16,suzuki,,0,0
1994,16,alliot,,0,0
1994,16,noda,,0,0
1994,16,inoue,,0,0
1994,16,montermini,,0,0
1995,17,michael_schumacher,1,102,9
1995,17,damon_hill,2,69,4
1995,17,coulthard,3,49,1
1995,17,herbert,4,45,2
1995,17,alesi,5,42,1
1995,17,berger,6,31,0
1995,17,hakkinen,7,17,0
1995,17,panis,8,16,0
1995,17,frentzen,9,15,0
1995,17,blundell,10,13,0
1995,17,barrichello,11,11,0
1995,17,irvine,12,10,0
1995,17,brundle,13,7,0
1995,17,morbidelli,14,5,0
1995,17,salo,15,5,0
1995,17,boullion,16,3,0
1995,17,suzuki,17,1,0
1995,17,lamy,18,1,0
1995,17,martini,,0,0
1995,17,katayama,,0,0
1995,17,diniz,,0,0
1995,17,papis,,0,0
1995,17,badoer,,0,0
1995,17,inoue,,0,0
1995,17,montermini,,0,0
1995,17,gachot,,0,0
1995,17,schiattarella,,0,0
1995,17,wendlinger,,0,0
1995,17,mansell,,0,0
1995,17,magnussen,,0,0
1995,17,verstappen,,0,0
1995,17,moreno,,0,0
1995,17,tarquini,,0,0
1995,17,deletraz,,0,0
1995,17,lavaggi,,0,0
1996,16,damon_hill,1,97,8
1996,16,villeneuve,2,78,4
1996,16,michael_schumacher,3,59,3
1996,16,alesi,4,47,0
1996,16,hakkinen,5,31,0
1996,16,berger,6,21,0
1996,16,coulthard,7,18,0
1996,16,barrichello,8,14,0
1996,16,panis,9,13,1
1996,16,irvine,10,11,0
1996,16,brundle,11,8,0
1996,16,frentzen,12,7,0
1996,16,salo,13,5,0
1996,16,herbert,14,4,0
1996,16,diniz,15,2,0
1996,16,verstappen,16,1,0
1996,16,katayama,,0,0
1996,16,rosset,,0,0
1996,16,fisichella,,0,0
1996,16,lamy,,0,0
1996,16,badoer,,0,0
1996,16,lavaggi,,0,0
1996,16,montermini,,0,0
1996,16,marques,,0,0
1997,17,villeneuve,1,81,7
1997,17,frentzen,2,42,1
1997,17,coulthard,3,36,2
1997,17,alesi,4,36,0
1997,17,berger,5,27,1
1997,17,hakkinen,6,27,1
1997,17,irvine,7,24,0
1997,17,fisichella,8,20,0
1997,17,panis,9,16,0
1997,17,herbert,10,15,0
1997,17,ralf_schumacher,11,13,0
1997,17,damon_hill,12,7,0
1997,17,barrichello,13,6,0
1997,17,wurz,14,4,0
1997,17,trulli,15,3,0
1997,17,diniz,16,2,0
1997,17,salo,17,2,0
1997,17,nakano,18,2,0
1997,17,larini,19,1,0
1997,17,michael_schumacher,,78,5
1997,17,magnussen,,0,0
1997,17,verstappen,,0,0
1997,17,morbidelli,,0,0
1997,17,fontana,,0,0
1997,17,katayama,,0,0
1997,17,marques,,0,0
1997,17,sospiri,,0,0
1997,17,rosset,,0,0
1998,16,hakkinen,1,100,8
1998,16,michael_schumacher,2,86,6
1998,16,coulthard,3,56,1
1998,16,irvine,4,47,0
1998,16,villeneuve,5,21,0
1998,16,damon_hill,6,20,1
1998,16,frentzen,7,17,0
1998,16,wurz,8,17,0
1998,16,fisichella,9,16,0
1998,16,ralf_schumacher,10,14,0
1998,16,alesi,11,9,0
1998,16,barrichello,12,4,0
1998,16,salo,13,3,0
1998,16,diniz,14,3,0
1998,16,herbert,15,1,0
1998,16,trulli,16,1,0
1998,16,magnussen,17,1,0
1998,16,nakano,,0,0
1998,16,tuero,,0,0
1998,16,rosset,,0,0
1998,16,takagi,,0,0
1998,16,panis,,0,0
1998,16,verstappen,,0,0
1999,16,hakkinen,1,76,5
1999,16,irvine,2,74,4
1999,16,frentzen,3,54,2
1999,16,coulthard,4,48,2
1999,16,michael_schumacher,5,44,2
1999,16,ralf_schumacher,6,35,0
1999,16,barrichello,7,21,0
1999,16,herbert,8,15,1
1999,16,fisichella,9,13,0
1999,16,salo,10,10,0
1999,16,trulli,11,7,0
1999,16,damon_hill,12,7,0
1999,16,wurz,13,3,0
1999,16,diniz,14,3,0
1999,16,alesi,15,2,0
1999,16,panis,16,2,0
1999,16,gene,17,1,0
1999,16,rosa,18,1,0
1999,16,zanardi,,0,0
1999,16,takagi,,0,0
1999,16,villeneuve,,0,0
1999,16,zonta,,0,0
1999,16,badoer,,0,0
1999,16,sarrazin,,0,0
2000,17,michael_schumacher,1,108,9
2000,17,hakkinen,2,89,4
2000,17,coulthard,3,73,3
2000,17,barrichello,4,62,1
2000,17,ralf_schumacher,5,24,0
2000,17,fisichella,6,18,0
2000,17,villeneuve,7,17,0
2000,17,button,8,12,0
2000,17,frentzen,9,11,0
2000,17,trulli,10,6,0
2000,17,salo,11,6,0
2000,17,verstappen,12,5,0
2000,17,irvine,13,4,0
2000,17,zonta,14,3,0
2000,17,wurz,15,2,0
2000,17,rosa,16,2,0
2000,17,herbert,,0,0
2000,17,diniz,,0,0
2000,17,gene,,0,0
2000,17,heidfeld,,0,0
2000,17,mazzacane,,0,0
2000,17,alesi,,0,0
2000,17,burti,,0,0
2001,17,michael_schumacher,1,123,9
2001,17,coulthard,2,65,2
2001,17,barrichello,3,56,0
2001,17,ralf_schumacher,4,49,3
2001,17,hakkinen,5,37,2
2001,17,montoya,6,31,1
2001,17,villeneuve,7,12,0
2001,17,heidfeld,8,12,0
2001,17,trulli,9,12,0
2001,17,raikkonen,10,9,0
2001,17,fisichella,11,8,0
2001,17,irvine,12,6,0
2001,17,frentzen,13,6,0
2001,17,panis,14,5,0
2001,17,alesi,15,5,0
2001,17,rosa,16,3,0
2001,17,button,17,2,0
2001,17,verstappen,18,1,0
2001,17,zonta,,0,0
2001,17,burti,,0,0
2001,17,bernoldi,,0,0
2001,17,marques,,0,0
2001,17,alonso,,0,0
2001,17,enge,,0,0
2001,17,mazzacane,,0,0
2001,17,yoong,,0,0
2002,17,michael_schumacher,1,144,11
2002,17,barrichello,2,77,4
2002,17,montoya,3,50,0
2002,17,ralf_schumacher,4,42,1
2002,17,coulthard,5,41,1
2002,17,raikkonen,6,24,0
2002,17,button,7,14,0
2002,17,trulli,8,9,0
2002,17,irvine,9,8,0
2002,17,heidfeld,10,7,0
2002,17,fisichella,11,7,0
2002,17,villeneuve,12,4,0
2002,17,massa,13,4,0
2002,17,panis,14,3,0
2002,17,sato,15,2,0
2002,17,webber,16,2,0
2002,17,salo,17,2,0
2002,17,frentzen,18,2,0
2002,17,mcnish,19,0,0
2002,17,yoong,20,0,0
2002,17,rosa,21,0,0
2002,17,bernoldi,22,0,0
2002,17,davidson,,0,0
2003,16,michael_schumacher,1,93,6
2003,16,raikkonen,2,91,1
2003,16,montoya,3,82,2
2003,16,barrichello,4,65,2
2003,16,ralf_schumacher,5,58,2
2003,16,alonso,6,55,1
2003,16,coulthard,7,51,1
2003,16,trulli,8,33,0
2003,16,button,9,17,0
2003,16,webber,10,17,0
2003,16,frentzen,11,13,0
2003,16,fisichella,12,12,1
2003,16,matta,13,10,0
2003,16,heidfeld,14,6,0
2003,16,panis,15,6,0
2003,16,villeneuve,16,6,0
2003,16,gene,17,4,0
2003,16,sato,18,3,0
2003,16,firman,19,1,0
2003,16,wilson,20,1,0
2003,16,pizzonia,21,0,0
2003,16,verstappen,22,0,0
2003,16,kiesa,23,0,0
2003,16,baumgartner,24,0,0
2004,18,michael_schumacher,1,148,13
2004,18,barrichello,2,114,2
2004,18,button,3,85,0
2004,18,alonso,4,59,0
2004,18,montoya,5,58,1
2004,18,trulli,6,46,1
2004,18,raikkonen,7,45,1
2004,18,sato,8,34,0
2004,18,ralf_schumacher,9,24,0
2004,18,coulthard,10,24,0
2004,18,fisichella,11,22,0
2004,18,massa,12,12,0
2004,18,webber,13,7,0
2004,18,panis,14,6,0
2004,18,pizzonia,15,6,0
2004,18,klien,16,3,0
2004,18,matta,17,3,0
2004,18,heidfeld,18,3,0
2004,18,glock,19,2,0
2004,18,baumgartner,20,1,0
2004,18,villeneuve,21,0,0
2004,18,zonta,22,0,0
2004,18,gene,23,0,0
2004,18,pantano,24,0,0
2004,18,bruni,25,0,0
2005,19,alonso,1,133,7
2005,19,raikkonen,2,112,7
2005,19,michael_schumacher,3,62,1
2005,19,montoya,4,60,3
2005,19,fisichella,5,58,1
2005,19,ralf_schumacher,6,45,0
2005,19,trulli,7,43,0
2005,19,barrichello,8,38,0
2005,19,button,9,37,0
2005,19,webber,10,36,0
2005,19,heidfeld,11,28,0
2005,19,coulthard,12,24,0
2005,19,massa,13,11,0
2005,19,villeneuve,14,9,0
2005,19,klien,15,9,0
2005,19,monteiro,16,7,0
2005,19,wurz,17,6,0
2005,19,karthikeyan,18,5,0
2005,19,albers,19,4,0
2005,19,rosa,20,4,0
2005,19,friesacher,21,3,0
2005,19,pizzonia,22,2,0
2005,19,sato,23,1,0
2005,19,liuzzi,24,1,0
2005,19,doornbos,25,0,0
2005,19,zonta,,0,0
2005,19,davidson,,0,0
2006,18,alonso,1,134,7
2006,18,michael_schumacher,2,121,7
2006,18,massa,3,80,2
2006,18,fisichella,4,72,1
2006,18,raikkonen,5,65,0
2006,18,button,6,56,1
2006,18,barrichello,7,30,0
2006,18,montoya,8,26,0
2006,18,heidfeld,9,23,0
2006,18,ralf_schumacher,10,20,0
2006,18,rosa,11,19,0
2006,18,trulli,12,15,0
2006,18,coulthard,13,14,0
2006,18,webber,14,7,0
2006,18,villeneuve,15,7,0
2006,18,kubica,16,6,0
2006,18,rosberg,17,4,0
2006,18,klien,18,2,0
2006,18,liuzzi,19,1,0
2006,18,speed,20,0,0
2006,18,monteiro,21,0,0
2006,18,albers,22,0,0
2006,18,sato,23,0,0
2006,18,doornbos,24,0,0
2006,18,ide,25,0,0
2006,18,yamamoto,26,0,0
2006,18,montagny,27,0,0
2007,17,raikkonen,1,110,6
2007,17,hamilton,2,109,4
2007,17,alonso,3,109,4
2007,17,massa,4,94,3
2007,17,heidfeld,5,61,0
2007,17,kubica,6,39,0
2007,17,kovalainen,7,30,0
2007,17,fisichella,8,21,0
2007,17,rosberg,9,20,0
2007,17,coulthard,10,14,0
2007,17,wurz,11,13,0
2007,17,webber,12,10,0
2007,17,trulli,13,8,0
2007,17,vettel,14,6,0
2007,17,button,15,6,0
2007,17,ralf_schumacher,16,5,0
2007,17,sato,17,4,0
2007,17,liuzzi,18,3,0
2007,17,sutil,19,1,0
2007,17,barrichello,20,0,0
2007,17,speed,21,0,0
2007,17,nakajima,22,0,0
2007,17,davidson,23,0,0
2007,17,yamamoto,24,0,0
2007,17,albers,25,0,0
2007,17,markus_winkelhock,,0,0
2008,18,hamilton,1,98,5
2008,18,massa,2,97,6
2008,18,raikkonen,3,75,2
2008,18,kubica,4,75,1
2008,18,alonso,5,61,2
2008,18,heidfeld,6,60,0
2008,18,kovalainen,7,53,1
2008,18,vettel,8,35,1
2008,18,trulli,9,31,0
2008,18,glock,10,25,0
2008,18,webber,11,21,0
2008,18,piquet_jr,12,19,0
2008,18,rosberg,13,17,0
2008,18,barrichello,14,11,0
2008,18,nakajima,15,9,0
2008,18,coulthard,16,8,0
2008,18,bourdais,17,4,0
2008,18,button,18,3,0
2008,18,fisichella,19,0,0
2008,18,sutil,20,0,0
2008,18,sato,21,0,0
2008,18,davidson,22,0,0
2009,17,button,1,95,6
2009,17,vettel,2,84,4
2009,17,barrichello,3,77,2
2009,17,webber,4,69.5,2
2009,17,hamilton,5,49,2
2009,17,raikkonen,6,48,1
2009,17,rosberg,7,34.5,0
2009,17,trulli,8,32.5,0
2009,17,alonso,9,26,0
2009,17,glock,10,24,0
2009,17,massa,11,22,0
2009,17,kovalainen,12,22,0
2009,17,heidfeld,13,19,0
2009,17,kubica,14,17,0
2009,17,fisichella,15,8,0
2009,17,buemi,16,6,0
2009,17,sutil,17,5,0
2009,17,kobayashi,18,3,0
2009,17,bourdais,19,2,0
2009,17,nakajima,20,0,0
2009,17,piquet_jr,21,0,0
2009,17,liuzzi,22,0,0
2009,17,grosjean,23,0,0
2009,17,alguersuari,24,0,0
2009,17,badoer,25,0,0
2010,19,vettel,1,256,5
2010,19,alonso,2,252,5
2010,19,webber,3,242,4
2010,19,hamilton,4,240,3
2010,19,button,5,214,2
2010,19,massa,6,144,0
2010,19,rosberg,7,142,0
2010,19,kubica,8,136,0
2010,19,michael_schumacher,9,72,0
2010,19,barrichello,10,47,0
2010,19,sutil,11,47,0
2010,19,kobayashi,12,32,0
2010,19,petrov,13,27,0
2010,19,hulkenberg,14,22,0
2010,19,liuzzi,15,21,0
2010,19,buemi,16,8,0
2010,19,rosa,17,6,0
2010,19,heidfeld,18,6,0
2010,19,alguersuari,19,5,0
2010,19,kovalainen,20,0,0
2010,19,trulli,21,0,0
2010,19,chandhok,22,0,0
2010,19,bruno_senna,23,0,0
2010,19,grassi,24,0,0
2010,19,glock,25,0,0
2010,19,yamamoto,26,0,0
2010,19,klien,27,0,0
2011,19,vettel,1,392,11
2011,19,button,2,270,3
2011,19,webber,3,258,1
2011,19,alonso,4,257,1
2011,19,hamilton,5,227,3
2011,19,massa,6,118,0
2011,19,rosberg,7,89,0
2011,19,michael_schumacher,8,76,0
2011,19,sutil,9,42,0
2011,19,petrov,10,37,0
2011,19,heidfeld,11,34,0
2011,19,kobayashi,12,30,0
2011,19,resta,13,27,0
2011,19,alguersuari,14,26,0
2011,19,buemi,15,15,0
2011,19,perez,16,14,0
2011,19,barrichello,17,4,0
2011,19,bruno_senna,18,2,0
2011,19,maldonado,19,1,0
2011,19,rosa,20,0,0
2011,19,trulli,21,0,0
2011,19,kovalainen,22,0,0
2011,19,liuzzi,23,0,0
2011,19,ambrosio,24,0,0
2011,19,glock,25,0,0
2011,19,karthikeyan,26,0,0
2011,19,ricciardo,27,0,0
2011,19,chandhok,28,0,0
2012,20,vettel,1,281,5
2012,20,alonso,2,278,3
2012,20,raikkonen,3,207,1
2012,20,hamilton,4,190,4
2012,20,button,5,188,3
2012,20,webber,6,179,2
2012,20,massa,7,122,0
2012,20,grosjean,8,96,0
2012,20,rosberg,9,93,1
2012,20,perez,10,66,0
2012,20,hulkenberg,11,63,0
2012,20,kobayashi,12,60,0
2012,20,michael_schumacher,13,49,0
2012,20,resta,14,46,0
2012,20,maldonado,15,45,1
2012,20,bruno_senna,16,31,0
2012,20,vergne,17,16,0
2012,20,ricciardo,18,10,0
2012,20,petrov,19,0,0
2012,20,glock,20,0,0
2012,20,pic,21,0,0
2012,20,kovalainen,22,0,0
2012,20,ambrosio,23,0,0
2012,20,karthikeyan,24,0,0
2012,20,rosa,25,0,0
2013,19,vettel,1,397,13
2013,19,alonso,2,242,2
2013,19,webber,3,199,0
2013,19,hamilton,4,189,1
2013,19,raikkonen,5,183,1
2013,19,rosberg,6,171,2
2013,19,grosjean,7,132,0
2013,19,massa,8,112,0
2013,19,button,9,73,0
2013,19,hulkenberg,10,51,0
2013,19,perez,11,49,0
2013,19,resta,12,48,0
2013,19,sutil,13,29,0
2013,19,ricciardo,14,20,0
2013,19,vergne,15,13,0
2013,19,gutierrez,16,6,0
2013,19,bottas,17,4,0
2013,19,maldonado,18,1,0
2013,19,jules_bianchi,19,0,0
2013,19,pic,20,0,0
2013,19,garde,21,0,0
2013,19,kovalainen,22,0,0
2013,19,chilton,23,0,0
2014,19,hamilton,1,384,11
2014,19,rosberg,2,317,5
2014,19,ricciardo,3,238,3
2014,19,bottas,4,186,0
2014,19,vettel,5,167,0
2014,19,alonso,6,161,0
2014,19,massa,7,134,0
2014,19,button,8,126,0
2014,19,hulkenberg,9,96,0
2014,19,perez,10,59,0
2014,19,kevin_magnussen,11,55,0
2014,19,raikkonen,12,55,0
2014,19,vergne,13,22,0
2014,19,grosjean,14,8,0
2014,19,kvyat,15,8,0
2014,19,maldonado,16,2,0
2014,19,jules_bianchi,17,2,0
2014,19,sutil,18,0,0
2014,19,ericsson,19,0,0
2014,19,gutierrez,20,0,0
2014,19,chilton,21,0,0
2014,19,kobayashi,22,0,0
2014,19,stevens,23,0,0
2014,19,lotterer,,0,0
2015,19,hamilton,1,381,10
2015,19,rosberg,2,322,6
2015,19,vettel,3,278,3
2015,19,raikkonen,4,150,0
2015,19,bottas,5,136,0
2015,19,massa,6,121,0
2015,19,kvyat,7,95,0
2015,19,ricciardo,8,92,0
2015,19,perez,9,78,0
2015,19,hulkenberg,10,58,0
2015,19,grosjean,11,51,0
2015,19,max_verstappen,12,49,0
2015,19,nasr,13,27,0
2015,19,maldonado,14,27,0
2015,19,sainz,15,18,0
2015,19,button,16,16,0
2015,19,alonso,17,11,0
2015,19,ericsson,18,9,0
2015,19,merhi,19,0,0
2015,19,rossi,20,0,0
2015,19,stevens,21,0,0
2015,19,kevin_magnussen,,0,0
2016,21,rosberg,1,385,9
2016,21,hamilton,2,380,10
2016,21,ricciardo,3,256,1
2016,21,vettel,4,212,0
2016,21,max_verstappen,5,204,1
2016,21,raikkonen,6,186,0
2016,21,perez,7,101,0
2016,21,bottas,8,85,0
2016,21,hulkenberg,9,72,0
2016,21,alonso,10,54,0
2016,21,massa,11,53,0
2016,21,sainz,12,46,0
2016,21,grosjean,13,29,0
2016,21,kvyat,14,25,0
2016,21,button,15,21,0
2016,21,kevin_magnussen,16,7,0
2016,21,nasr,17,2,0
2016,21,jolyon_palmer,18,1,0
2016,21,wehrlein,19,1,0
2016,21,vandoorne,20,1,0
2016,21,gutierrez,21,0,0
2016,21,ericsson,22,0,0
2016,21,ocon,23,0,0
2016,21,haryanto,24,0,0
2017,20,hamilton,1,363,9
2017,20,vettel,2,317,5
2017,20,bottas,3,305,3
2017,20,raikkonen,4,205,0
2017,20,ricciardo,5,200,1
2017,20,max_verstappen,6,168,2
2017,20,perez,7,100,0
2017,20,ocon,8,87,0
2017,20,sainz,9,54,0
2017,20,hulkenberg,10,43,0
2017,20,massa,11,43,0
2017,20,stroll,12,40,0
2017,20,grosjean,13,28,0
2017,20,kevin_magnussen,14,19,0
2017,20,alonso,15,17,0
2017,20,vandoorne,16,13,0
2017,20,jolyon_palmer,17,8,0
2017,20,wehrlein,18,5,0
2017,20,kvyat,19,5,0
2017,20,ericsson,20,0,0
2017,20,gasly,21,0,0
2017,20,giovinazzi,22,0,0
2017,20,brendon_hartley,23,0,0
2017,20,button,,0,0
2017,20,resta,,0,0
2018,21,hamilton,1,408,11
2018,21,vettel,2,320,5
2018,21,raikkonen,3,251,1
2018,21,max_verstappen,4,249,2
2018,21,bottas,5,247,0
2018,21,ricciardo,6,170,2
2018,21,hulkenberg,7,69,0
2018,21,perez,8,62,0
2018,21,kevin_magnussen,9,56,0
2018,21,sainz,10,53,0
2018,21,alonso,11,50,0
2018,21,ocon,12,49,0
2018,21,leclerc,13,39,0
2018,21,grosjean,14,37,0
2018,21,gasly,15,29,0
2018,21,vandoorne,16,12,0
2018,21,ericsson,17,9,0
2018,21,stroll,18,6,0
2018,21,brendon_hartley,19,4,0
2018,21,sirotkin,20,1,0
2019,21,hamilton,1,413,11
2019,21,bottas,2,326,4
2019,21,max_verstappen,3,278,3
2019,21,leclerc,4,264,2
2019,21,vettel,5,240,1
2019,21,sainz,6,96,0
2019,21,gasly,7,95,0
2019,21,albon,8,92,0
2019,21,ricciardo,9,54,0
2019,21,perez,10,52,0
2019,21,norris,11,49,0
2019,21,raikkonen,12,43,0
2019,21,kvyat,13,37,0
2019,21,hulkenberg,14,37,0
2019,21,stroll,15,21,0
2019,21,kevin_magnussen,16,20,0
2019,21,giovinazzi,17,14,0
2019,21,grosjean,18,8,0
2019,21,kubica,19,1,0
2019,21,russell,20,0,0
2020,17,hamilton,1,347,11
2020,17,bottas,2,223,2
2020,17,max_verstappen,3,214,2
2020,17,perez,4,125,1
2020,17,ricciardo,5,119,0
2020,17,sainz,6,105,0
2020,17,albon,7,105,0
2020,17,leclerc,8,98,0
2020,17,norris,9,97,0
2020,17,gasly,10,75,1
2020,17,stroll,11,75,0
2020,17,ocon,12,62,0
2020,17,vettel,13,33,0
2020,17,kvyat,14,32,0
2020,17,hulkenberg,15,10,0
2020,17,raikkonen,16,4,0
2020,17,giovinazzi,17,4,0
2020,17,russell,18,3,0
2020,17,grosjean,19,2,0
2020,17,kevin_magnussen,20,1,0
2020,17,latifi,21,0,0
2020,17,aitken,22,0,0
2020,17,pietro_fittipaldi,23,0,0
2021,22,max_verstappen,1,395.5,10
2021,22,hamilton,2,387.5,8
2021,22,bottas,3,226,1
2021,22,perez,4,190,1
2021,22,sainz,5,164.5,0
2021,22,norris,6,160,0
2021,22,leclerc,7,159,0
2021,22,ricciardo,8,115,1
2021,22,gasly,9,110,0
2021,22,alonso,10,81,0
2021,22,ocon,11,74,1
2021,22,vettel,12,43,0
2021,22,stroll,13,34,0
2021,22,tsunoda,14,32,0
2021,22,russell,15,16,0
2021,22,raikkonen,16,10,0
2021,22,latifi,17,7,0
2021,22,giovinazzi,18,3,0
2021,22,mick_schumacher,19,0,0
2021,22,kubica,20,0,0
2021,22,mazepin,21,0,0
2022,22,max_verstappen,1,454,15
2022,22,leclerc,2,308,3
2022,22,perez,3,305,2
2022,22,russell,4,275,1
2022,22,sainz,5,246,1
2022,22,hamilton,6,240,0
2022,22,norris,7,122,0
2022,22,ocon,8,92,0
2022,22,alonso,9,81,0
2022,22,bottas,10,49,0
2022,22,ricciardo,11,37,0
2022,22,vettel,12,37,0
2022,22,kevin_magnussen,13,25,0
2022,22,gasly,14,23,0
2022,22,stroll,15,18,0
2022,22,mick_schumacher,16,12,0
2022,22,tsunoda,17,12,0
2022,22,zhou,18,6,0
2022,22,albon,19,4,0
2022,22,latifi,20,2,0
2022,22,de_vries,21,2,0
2022,22,hulkenberg,22,0,0
2023,22,max_verstappen,1,575,19
2023,22,perez,2,285,2
2023,22,hamilton,3,234,0
2023,22,alonso,4,206,0
2023,22,leclerc,5,206,0
2023,22,norris,6,205,0
2023,22,sainz,7,200,1
2023,22,russell,8,175,0
2023,22,piastri,9,97,0
2023,22,stroll,10,74,0
2023,22,gasly,11,62,0
2023,22,ocon,12,58,0
2023,22,albon,13,27,0
2023,22,tsunoda,14,17,0
2023,22,bottas,15,10,0
2023,22,hulkenberg,16,9,0
2023,22,ricciardo,17,6,0
2023,22,zhou,18,6,0
2023,22,kevin_magnussen,19,3,0
2023,22,lawson,20,2,0
2023,22,sargeant,21,1,0
2023,22,de_vries,22,0,0
2024,24,max_verstappen,1,437,9
2024,24,norris,2,374,4
2024,24,leclerc,3,356,3
2024,24,piastri,4,292,2
2024,24,sainz,5,290,2
2024,24,russell,6,245,2
2024,24,hamilton,7,223,2
2024,24,perez,8,152,0
2024,24,alonso,9,70,0
2024,24,gasly,10,42,0
2024,24,hulkenberg,11,41,0
2024,24,tsunoda,12,30,0
2024,24,stroll,13,24,0
2024,24,ocon,14,23,0
2024,24,kevin_magnussen,15,16,0
2024,24,albon,16,12,0
2024,24,ricciardo,17,12,0
2024,24,bearman,18,7,0
2024,24,colapinto,19,5,0
2024,24,zhou,20,4,0
2024,24,lawson,21,4,0
2024,24,bottas,22,0,0
2024,24,sargeant,23,0,0
2024,24,doohan,24,0,0
2025,21,norris,1,408,7
2025,21,piastri,2,396,7
2025,21,max_verstappen,3,392,7
2025,21,russell,4,309,2
2025,21,leclerc,5,230,0
2025,21,hamilton,6,152,0
2025,21,antonelli,7,150,0
2025,21,albon,8,73,0
2025,21,hulkenberg,9,64,0
2025,21,hadjar,10,51,0
2025,21,bearman,11,49,0
2025,21,alonso,12,48,0
2025,21,sainz,13,41,0
2025,21,lawson,14,38,0
2025,21,stroll,15,33,0
2025,21,ocon,16,32,0
2025,21,tsunoda,17,32,0
2025,21,gasly,18,22,0
2025,21,bortoleto,19,19,0
2025,21,colapinto,20,0,0
2025,21,doohan,21,0,0
